Combination,Fold,Epoch,Train Loss,Validation Loss,Hidden Dimension,Number of Layers,Initial Learning Rate,Model
0,0,0,0.8228351971134543,0.8329271867871284,0,0,0.7,GLM
0,0,1,0.7819573521614075,0.3496901790611446,0,0,0.7,GLM
0,1,0,0.7160224383696914,0.7153881467878819,0,0,0.7,GLM
0,1,1,0.9134894337505102,0.406537221185863,0,0,0.7,GLM
0,1,2,0.4080730494111776,0.37289691949263215,0,0,0.7,GLM
0,2,0,0.630460898578167,0.6185200467705727,0,0,0.7,GLM
0,2,1,0.7403936818242073,0.3533953714184463,0,0,0.7,GLM
0,2,2,0.6111431371420621,0.29391734628006816,0,0,0.7,GLM
0,3,0,0.6245004523545503,0.6249200716614723,0,0,0.7,GLM
0,3,1,0.8194549441337585,0.8467158354818821,0,0,0.7,GLM
0,3,2,0.4962302416563034,0.33969370778650043,0,0,0.7,GLM
0,4,0,0.9133475387468935,0.9206790581345559,0,0,0.7,GLM
0,4,1,0.9012380309402943,0.8260507954284548,0,0,0.7,GLM
0,4,2,0.6814299039542675,0.5904315850697458,0,0,0.7,GLM
0,4,3,0.38224670849740505,0.35430863602086904,0,0,0.7,GLM
0,4,4,0.3700001955032349,0.2873880752362311,0,0,0.7,GLM
0,4,5,0.3734311152249575,0.2846114268526435,0,0,0.7,GLM
0,4,6,0.33258905783295634,0.2841974367387593,0,0,0.7,GLM
0,5,0,0.7106420766562224,0.711548765951937,0,0,0.7,GLM
0,5,1,0.6669071439653635,2.25239866590974,0,0,0.7,GLM
0,5,2,0.5490580808371306,0.4392646693370559,0,0,0.7,GLM
0,5,3,0.41690279357135296,0.3214059484783899,0,0,0.7,GLM
0,6,0,0.7166561029851437,0.709271336143667,0,0,0.7,GLM
0,6,1,0.6861936450004578,0.34717741883783176,0,0,0.7,GLM
0,6,2,0.49328586272895336,0.3115843655541539,0,0,0.7,GLM
0,7,0,0.8878533117473125,0.8889243067665533,0,0,0.7,GLM
0,7,1,0.8537379890680313,0.9646215683526613,0,0,0.7,GLM
0,7,2,0.4829305160790682,0.32551600750197063,0,0,0.7,GLM
0,7,3,0.3612923838198185,0.3190823967399245,0,0,0.7,GLM
0,8,0,0.6003003248013556,0.5871014073491096,0,0,0.7,GLM
0,8,1,0.6962825998663902,0.3618585281074047,0,0,0.7,GLM
0,8,2,0.449201849848032,0.3461014608937231,0,0,0.7,GLM
0,8,3,0.4130395606160164,0.28675365257500246,0,0,0.7,GLM
0,9,0,0.725058595649898,0.7260148979046128,0,0,0.7,GLM
0,9,1,0.7983656212687492,0.32698140056295827,0,0,0.7,GLM
0,9,2,0.4359031621366739,0.3009501831944693,0,0,0.7,GLM
0,9,3,0.36970683708786967,0.29070143249224534,0,0,0.7,GLM
1,0,0,0.7291395045816899,0.7282512620091438,1,1,0.7,MLP
1,0,1,0.5925577148795128,0.5167984738945961,1,1,0.7,MLP
1,0,2,0.5728094980120659,0.46529653631150725,1,1,0.7,MLP
1,1,0,0.6637965325266123,0.6577036075294018,1,1,0.7,MLP
1,1,1,0.5780717089772225,0.43813970759510995,1,1,0.7,MLP
1,2,0,0.6892115123569965,0.6888051986694336,1,1,0.7,MLP
1,2,1,0.5801085233688354,0.4624746710062027,1,1,0.7,MLP
1,3,0,0.6826795833185315,0.6793411999940873,1,1,0.7,MLP
1,3,1,0.6303906843066216,0.4559760883450508,1,1,0.7,MLP
1,4,0,0.6864569813013077,0.6913044445216656,1,1,0.7,MLP
1,4,1,0.5701777875423432,0.45019464790821073,1,1,0.7,MLP
1,4,2,0.5642951399087905,0.4374498177319765,1,1,0.7,MLP
1,4,3,0.5628632873296737,0.4358379304409027,1,1,0.7,MLP
1,4,4,0.5615755543112755,0.4356053750962019,1,1,0.7,MLP
1,5,0,0.6512746231630444,0.6466474235057831,1,1,0.7,MLP
1,5,1,0.5741935104131699,0.4195313091305169,1,1,0.7,MLP
1,6,0,0.8030096780508756,0.7986589636314999,1,1,0.7,MLP
1,6,1,0.5784804329276085,0.4548895650289275,1,1,0.7,MLP
1,6,2,0.5652474537491798,0.45427210933782836,1,1,0.7,MLP
1,6,3,0.5630632698535919,0.4412065314298326,1,1,0.7,MLP
1,7,0,0.6816580090671778,0.6790039756081321,1,1,0.7,MLP
1,7,1,0.5894926384091377,0.4634915773164142,1,1,0.7,MLP
1,8,0,0.7636858350597322,0.7760494764555584,1,1,0.7,MLP
1,8,1,0.5864187255501747,0.4537538882683624,1,1,0.7,MLP
1,9,0,0.6959490520879626,0.688769166442481,1,1,0.7,MLP
1,9,1,0.5962936237454415,0.4813233248212121,1,1,0.7,MLP
1,9,2,0.5738434731960297,0.4618561565876007,1,1,0.7,MLP
2,0,0,0.7365649538114667,0.7374668031930923,1,1,0.7,RNN
2,0,1,0.5344087801873684,0.37104417495429515,1,1,0.7,RNN
2,0,2,0.3500833362340927,0.35772613920271396,1,1,0.7,RNN
2,0,3,0.34237158596515654,0.3541963893920183,1,1,0.7,RNN
2,0,4,0.3407449286431074,0.35310917627066374,1,1,0.7,RNN
2,0,5,0.33772189132869246,0.3496694850735366,1,1,0.7,RNN
2,0,6,0.33496425338089464,0.3457097171805799,1,1,0.7,RNN
2,0,7,0.3308506511151791,0.34463837230578065,1,1,0.7,RNN
2,0,8,0.32963022254407404,0.34197932137176396,1,1,0.7,RNN
2,0,9,0.3268715780228376,0.3371182550676167,1,1,0.7,RNN
2,0,10,0.32434341982007026,0.3346075274981558,1,1,0.7,RNN
2,0,11,0.3225129656493664,0.3292087286710739,1,1,0.7,RNN
2,1,0,0.7362969062291086,0.7588531091809273,1,1,0.7,RNN
2,1,1,0.42700112983584404,0.34663561936467885,1,1,0.7,RNN
2,1,2,0.3334471132606268,0.3395164033398032,1,1,0.7,RNN
2,1,3,0.3299912817776203,0.3367718364112079,1,1,0.7,RNN
2,1,4,0.3258854255080223,0.3308296174742281,1,1,0.7,RNN
2,1,5,0.32340323068201543,0.32899039452895523,1,1,0.7,RNN
2,2,0,0.7066718444228173,0.7017900750041008,1,1,0.7,RNN
2,2,1,0.417692594230175,0.3260311534628272,1,1,0.7,RNN
2,2,2,0.3589759670197964,0.3093333289027214,1,1,0.7,RNN
2,3,0,1.062816777639091,1.0663242653012275,1,1,0.7,RNN
2,3,1,0.5678246401250362,0.3711548523977399,1,1,0.7,RNN
2,3,2,0.3570997558534145,0.3563511809334159,1,1,0.7,RNN
2,3,3,0.34927901700139047,0.35191830061376095,1,1,0.7,RNN
2,3,4,0.34597420021891595,0.34973730649799106,1,1,0.7,RNN
2,3,5,0.34307222031056883,0.34877401795238255,1,1,0.7,RNN
2,3,6,0.34112597852945326,0.34609378296881915,1,1,0.7,RNN
2,3,7,0.33893354460597036,0.34279933087527753,1,1,0.7,RNN
2,3,8,0.33715884760022163,0.3409578684717417,1,1,0.7,RNN
2,4,0,0.8535946577787399,0.8756404004991054,1,1,0.7,RNN
2,4,1,0.4861582241952419,0.38092857953161,1,1,0.7,RNN
2,4,2,0.3423602346330881,0.3741529412567616,1,1,0.7,RNN
2,5,0,0.7796432869508862,0.7778155302459543,1,1,0.7,RNN
2,5,1,0.48005453050136565,0.3610040924765847,1,1,0.7,RNN
2,5,2,0.3490635629743338,0.35181100700389256,1,1,0.7,RNN
2,5,3,0.344082897156477,0.34863562577150087,1,1,0.7,RNN
2,6,0,0.8640539096668363,0.8547457720745694,1,1,0.7,RNN
2,6,1,0.5191365048289299,0.3396114646033807,1,1,0.7,RNN
2,6,2,0.3508405301719904,0.33907853676514194,1,1,0.7,RNN
2,6,3,0.3438386537134647,0.326895965940573,1,1,0.7,RNN
2,6,4,0.33916227482259276,0.32189338705079124,1,1,0.7,RNN
2,6,5,0.3373202919960022,0.3149087833748622,1,1,0.7,RNN
2,7,0,0.707419629022479,0.707076220349832,1,1,0.7,RNN
2,7,1,0.5476357638835907,0.3471638214859096,1,1,0.7,RNN
2,7,2,0.3563094548881054,0.31858480061319744,1,1,0.7,RNN
2,7,3,0.3477459721267223,0.31361102194271306,1,1,0.7,RNN
2,7,4,0.34359397515654566,0.3116457383571701,1,1,0.7,RNN
2,7,5,0.3407769463956356,0.3071042017333887,1,1,0.7,RNN
2,7,6,0.33757559657096864,0.3049834947186438,1,1,0.7,RNN
2,7,7,0.33445393666625023,0.301940409805287,1,1,0.7,RNN
2,7,8,0.331736496835947,0.29895895372398873,1,1,0.7,RNN
2,7,9,0.32795865572988986,0.2962180414999073,1,1,0.7,RNN
2,7,10,0.32386986799538137,0.293704187666828,1,1,0.7,RNN
2,8,0,0.7564822807908058,0.7614196356047284,1,1,0.7,RNN
2,8,1,0.563921108096838,0.3764772548932921,1,1,0.7,RNN
2,8,2,0.35830057635903356,0.3580236404456876,1,1,0.7,RNN
2,8,3,0.3481389731168747,0.3558975007723678,1,1,0.7,RNN
2,8,4,0.34514660090208055,0.3556535960259763,1,1,0.7,RNN
2,8,5,0.3432112567126751,0.35213280181315815,1,1,0.7,RNN
2,9,0,0.5537517598830164,0.560080907900225,1,1,0.7,RNN
2,9,1,0.3676667705178261,0.32218460518528114,1,1,0.7,RNN
3,0,0,0.7086271001026034,0.7000417605042457,1,1,0.7,LSTM
3,0,1,0.5528053894639016,0.44995793588459493,1,1,0.7,LSTM
3,0,2,0.373804185539484,0.3678329462185502,1,1,0.7,LSTM
3,0,3,0.31621435433626177,0.34443593919277193,1,1,0.7,LSTM
3,0,4,0.29366233237087724,0.33079460076987743,1,1,0.7,LSTM
3,0,5,0.2837040439248085,0.3246452584862709,1,1,0.7,LSTM
3,0,6,0.26834257654845717,0.30658202851191163,1,1,0.7,LSTM
3,0,7,0.2690679546445608,0.3036338726058602,1,1,0.7,LSTM
3,0,8,0.25193502120673655,0.2822026344016194,1,1,0.7,LSTM
3,1,0,0.7322423104196787,0.7336206503212452,1,1,0.7,LSTM
3,1,1,0.5197042800486088,0.4248633412644267,1,1,0.7,LSTM
3,1,2,0.3538240175694227,0.3559249357320368,1,1,0.7,LSTM
3,1,3,0.31809006407856943,0.32651274697855115,1,1,0.7,LSTM
3,1,4,0.29315373972058295,0.2953587671741843,1,1,0.7,LSTM
3,1,5,0.2572911463677883,0.2621761189308017,1,1,0.7,LSTM
3,1,6,0.22626604326069355,0.2437844174914062,1,1,0.7,LSTM
3,1,7,0.20032342579215764,0.23330143373459578,1,1,0.7,LSTM
3,1,8,0.18805131018161775,0.231124750059098,1,1,0.7,LSTM
3,1,9,0.1872312344610691,0.21947842743247747,1,1,0.7,LSTM
3,2,0,0.8441833188757301,0.8331753656268119,1,1,0.7,LSTM
3,2,1,0.6872723788022995,0.6612881943583488,1,1,0.7,LSTM
3,2,2,0.6355670496821404,0.5699203088879585,1,1,0.7,LSTM
3,2,3,0.4996189258992672,0.42134538404643535,1,1,0.7,LSTM
3,2,4,0.397994638979435,0.37800412345677614,1,1,0.7,LSTM
3,2,5,0.36158995553851125,0.3499489288777113,1,1,0.7,LSTM
3,2,6,0.34133723825216294,0.3356508076190948,1,1,0.7,LSTM
3,2,7,0.3312020655721426,0.327959306165576,1,1,0.7,LSTM
3,2,8,0.32579256147146224,0.32411621883511543,1,1,0.7,LSTM
3,2,9,0.3224403731524944,0.32144780587404964,1,1,0.7,LSTM
3,2,10,0.3200151242315769,0.31921810321509836,1,1,0.7,LSTM
3,2,11,0.31801994852721693,0.3173120753839612,1,1,0.7,LSTM
3,2,12,0.31645106598734857,0.3159946581348777,1,1,0.7,LSTM
3,2,13,0.31529950983822347,0.31522185504436495,1,1,0.7,LSTM
3,2,14,0.3142794813960791,0.3146833350881934,1,1,0.7,LSTM
3,2,15,0.3133536286652088,0.31455990467220546,1,1,0.7,LSTM
3,2,16,0.31257231198251245,0.3142429471947253,1,1,0.7,LSTM
3,2,17,0.31169190891087056,0.3139279208146036,1,1,0.7,LSTM
3,2,18,0.31094964817166326,0.3133105782791972,1,1,0.7,LSTM
3,3,0,0.7979534368030727,0.810011763870716,1,1,0.7,LSTM
3,3,1,0.6948008745908737,0.6822514951229095,1,1,0.7,LSTM
3,3,2,0.6399184137582778,0.5558310262858868,1,1,0.7,LSTM
3,3,3,0.4927221223711967,0.42485774792730807,1,1,0.7,LSTM
3,3,4,0.395931313931942,0.37794718369841573,1,1,0.7,LSTM
3,3,5,0.3576552838087082,0.3574763171374798,1,1,0.7,LSTM
3,3,6,0.33739813007414343,0.3421207394450903,1,1,0.7,LSTM
3,3,7,0.32418329529464246,0.33362251268699766,1,1,0.7,LSTM
3,3,8,0.31534054726362226,0.33226929130032656,1,1,0.7,LSTM
3,3,9,0.3219873018562794,0.32136972025036814,1,1,0.7,LSTM
3,3,10,0.3160785537213087,0.31468667425215247,1,1,0.7,LSTM
3,3,11,0.30882891081273556,0.31107214111834763,1,1,0.7,LSTM
3,3,12,0.304062956571579,0.30671352315694095,1,1,0.7,LSTM
3,3,13,0.29940167628228664,0.3029647002927959,1,1,0.7,LSTM
3,3,14,0.2956720568239689,0.2987912782467902,1,1,0.7,LSTM
3,3,15,0.2916063334792852,0.29597132923081515,1,1,0.7,LSTM
3,3,16,0.28807207830250264,0.2942116276361048,1,1,0.7,LSTM
3,3,17,0.28495447486639025,0.29170970283448694,1,1,0.7,LSTM
3,3,18,0.2807054214179516,0.28782833432778715,1,1,0.7,LSTM
3,3,19,0.2781400591135025,0.2841489057056606,1,1,0.7,LSTM
3,3,20,0.2756347954273224,0.2800511606037617,1,1,0.7,LSTM
3,3,21,0.2736327040940523,0.2782778452150524,1,1,0.7,LSTM
3,3,22,0.27134302705526353,0.2766690124757588,1,1,0.7,LSTM
3,3,23,0.2701603345572948,0.275218001473695,1,1,0.7,LSTM
3,3,24,0.26827906295657156,0.27345711989328264,1,1,0.7,LSTM
3,3,25,0.2667395927011967,0.271764918603003,1,1,0.7,LSTM
3,3,26,0.26502749510109425,0.26986590307205915,1,1,0.7,LSTM
3,3,27,0.26361437812447547,0.2683893421664834,1,1,0.7,LSTM
3,3,28,0.26221294403076173,0.26722485506907107,1,1,0.7,LSTM
3,3,29,0.260712143778801,0.26645496776327493,1,1,0.7,LSTM
3,3,30,0.2594683554023504,0.2653592830523849,1,1,0.7,LSTM
3,3,31,0.2582886267453432,0.26437254827469586,1,1,0.7,LSTM
3,3,32,0.2572219200432301,0.2636834652163088,1,1,0.7,LSTM
3,3,33,0.25606205239892005,0.26303677735850217,1,1,0.7,LSTM
3,3,34,0.25539332926273345,0.262416079454124,1,1,0.7,LSTM
3,3,35,0.2544404100626707,0.2619508869946003,1,1,0.7,LSTM
3,3,36,0.2536628909409046,0.26146645145490766,1,1,0.7,LSTM
3,3,37,0.2529986295849085,0.2609438356943429,1,1,0.7,LSTM
3,3,38,0.25228456817567346,0.2605625860393047,1,1,0.7,LSTM
3,3,39,0.25168154053390024,0.2602204706519842,1,1,0.7,LSTM
3,3,40,0.25112321637570856,0.25992699759081006,1,1,0.7,LSTM
3,3,41,0.25057072602212427,0.25964756701141595,1,1,0.7,LSTM
3,3,42,0.2501233510673046,0.2594271006062627,1,1,0.7,LSTM
3,3,43,0.24973193220794201,0.2592210166156292,1,1,0.7,LSTM
3,3,44,0.24922007247805594,0.25899176197126506,1,1,0.7,LSTM
3,3,45,0.2489360585808754,0.2587934862822294,1,1,0.7,LSTM
3,3,46,0.24853472113609315,0.25860920287668704,1,1,0.7,LSTM
3,3,47,0.2482276253402233,0.2584526498802006,1,1,0.7,LSTM
3,3,48,0.24791654348373413,0.258308991137892,1,1,0.7,LSTM
3,3,49,0.2476427923887968,0.25818752981722354,1,1,0.7,LSTM
3,4,0,0.678928304836154,0.6788735263049602,1,1,0.7,LSTM
3,4,1,0.5114265345036983,0.41874661259353163,1,1,0.7,LSTM
3,4,2,0.3852044180035591,0.3801507640630007,1,1,0.7,LSTM
3,4,3,0.34147409424185754,0.35488451067358256,1,1,0.7,LSTM
3,4,4,0.3211811173707247,0.34094879813492296,1,1,0.7,LSTM
3,4,5,0.3019441541284323,0.3140466049313545,1,1,0.7,LSTM
3,4,6,0.28351962454617025,0.288299560174346,1,1,0.7,LSTM
3,5,0,0.6962420217692852,0.6977381855249405,1,1,0.7,LSTM
3,5,1,0.5593459375202656,0.4186741702935912,1,1,0.7,LSTM
3,5,2,0.3837669067084789,0.3566035215150226,1,1,0.7,LSTM
3,5,3,0.3484182391315699,0.3332833100787618,1,1,0.7,LSTM
3,6,0,0.9711877658963204,0.9306973388249223,1,1,0.7,LSTM
3,6,1,0.6443180039525032,0.4984346035529267,1,1,0.7,LSTM
3,6,2,0.4361585043370724,0.36883575130592694,1,1,0.7,LSTM
3,6,3,0.35613466873764993,0.3200549847361716,1,1,0.7,LSTM
3,6,4,0.3188525877892971,0.29703847420486534,1,1,0.7,LSTM
3,6,5,0.2975154362618923,0.27961305918341334,1,1,0.7,LSTM
3,6,6,0.28480269536376,0.2637560963630676,1,1,0.7,LSTM
3,6,7,0.2727673273533583,0.24901178309863264,1,1,0.7,LSTM
3,6,8,0.2621672280132771,0.2408662341873754,1,1,0.7,LSTM
3,7,0,0.790418810211122,0.7914373624053869,1,1,0.7,LSTM
3,7,1,0.470405400544405,0.38294289396567777,1,1,0.7,LSTM
3,7,2,0.3583945222198963,0.3518675733357668,1,1,0.7,LSTM
3,7,3,0.3253550011664629,0.3130416013300419,1,1,0.7,LSTM
3,7,4,0.303317167237401,0.29957398044114764,1,1,0.7,LSTM
3,7,5,0.29741288982331754,0.2837067073719068,1,1,0.7,LSTM
3,8,0,0.7361752634868026,0.7381235652349212,1,1,0.7,LSTM
3,8,1,0.5300543569028378,0.42044481160965835,1,1,0.7,LSTM
3,8,2,0.38769969865679743,0.3406868578696793,1,1,0.7,LSTM
3,8,3,0.3414888009428978,0.31950147822499275,1,1,0.7,LSTM
3,8,4,0.3267303641885519,0.3093938763168725,1,1,0.7,LSTM
3,8,5,0.31859261393547056,0.30404985848475585,1,1,0.7,LSTM
3,8,6,0.3128318678587675,0.2995823480358178,1,1,0.7,LSTM
3,8,7,0.3081883620470762,0.29650768197395583,1,1,0.7,LSTM
3,8,8,0.30405678525567054,0.2936279032887383,1,1,0.7,LSTM
3,8,9,0.3005834385752678,0.2924905575981194,1,1,0.7,LSTM
3,8,10,0.29827400892972944,0.28892068404027005,1,1,0.7,LSTM
3,8,11,0.2954421196132898,0.2874140159480951,1,1,0.7,LSTM
3,8,12,0.29315768778324125,0.2844661580060016,1,1,0.7,LSTM
3,8,13,0.2904315676540136,0.2837903406471014,1,1,0.7,LSTM
3,8,14,0.28808815106749536,0.28079622061076487,1,1,0.7,LSTM
3,8,15,0.28571509942412376,0.27981581378050824,1,1,0.7,LSTM
3,8,16,0.2836783893406391,0.27585535420274193,1,1,0.7,LSTM
3,8,17,0.28187509886920453,0.275036733597517,1,1,0.7,LSTM
3,8,18,0.28017931915819644,0.272318902679465,1,1,0.7,LSTM
3,8,19,0.2785226747393608,0.27108457151123067,1,1,0.7,LSTM
3,8,20,0.2769433788955212,0.26938493930819357,1,1,0.7,LSTM
3,8,21,0.27528480626642704,0.26926242805678735,1,1,0.7,LSTM
3,8,22,0.27441738322377207,0.2671528857370669,1,1,0.7,LSTM
3,8,23,0.2731187783181667,0.2656983758576892,1,1,0.7,LSTM
3,8,24,0.2721883963793516,0.2646378114480864,1,1,0.7,LSTM
3,8,25,0.27129372730851176,0.2639934948052872,1,1,0.7,LSTM
3,8,26,0.27033260054886343,0.26344317536462436,1,1,0.7,LSTM
3,8,27,0.26951066181063654,0.2629304714500904,1,1,0.7,LSTM
3,8,28,0.2686913385987282,0.26196139796890994,1,1,0.7,LSTM
3,8,29,0.26773397587239744,0.261716961521994,1,1,0.7,LSTM
3,8,30,0.2672181326895952,0.2606668540869247,1,1,0.7,LSTM
3,8,31,0.2665277633816004,0.26020303478633816,1,1,0.7,LSTM
3,8,32,0.26590051762759687,0.25997808084569196,1,1,0.7,LSTM
3,8,33,0.2653035972267389,0.25946919103576377,1,1,0.7,LSTM
3,8,34,0.26480374597012996,0.2591344286603006,1,1,0.7,LSTM
3,8,35,0.26438641622662545,0.2588400983844291,1,1,0.7,LSTM
3,8,36,0.263993664085865,0.2585549219088121,1,1,0.7,LSTM
3,8,37,0.2636073037981987,0.25838486257601867,1,1,0.7,LSTM
3,8,38,0.26332043707370756,0.2580642769621177,1,1,0.7,LSTM
3,8,39,0.2629940647631884,0.257872877727178,1,1,0.7,LSTM
3,8,40,0.26271408312022687,0.25765585501424293,1,1,0.7,LSTM
3,8,41,0.26246935352683065,0.2575209764763713,1,1,0.7,LSTM
3,8,42,0.2622698895633221,0.2573157289827412,1,1,0.7,LSTM
3,8,43,0.2620572056621313,0.2571530984714627,1,1,0.7,LSTM
3,8,44,0.2618924655020237,0.25703413327309216,1,1,0.7,LSTM
3,8,45,0.2617175094783306,0.256908530369401,1,1,0.7,LSTM
3,8,46,0.2615613125264645,0.2567940956320275,1,1,0.7,LSTM
3,9,0,0.8254850620403886,0.7994649667631496,1,1,0.7,LSTM
3,9,1,0.5380868025124073,0.38016495379534637,1,1,0.7,LSTM
3,9,2,0.34981418736279013,0.3012488740073009,1,1,0.7,LSTM
3,9,3,0.28657283186912536,0.2579286029901017,1,1,0.7,LSTM
3,9,4,0.2623528126627207,0.24301877143708142,1,1,0.7,LSTM
4,0,0,0.7118643201887608,0.7109412580728531,2,1,0.7,MLP
4,0,1,0.4917635641992092,0.4051470817998052,2,1,0.7,MLP
4,0,2,0.47731359824538233,0.3915071777999401,2,1,0.7,MLP
4,0,3,0.47450908422470095,0.38742017596960066,2,1,0.7,MLP
4,0,4,0.47096761167049406,0.3842968840152025,2,1,0.7,MLP
4,0,5,0.46945956721901894,0.38357005193829535,2,1,0.7,MLP
4,0,6,0.46844489499926567,0.3784448789432645,2,1,0.7,MLP
4,1,0,0.756703569740057,0.769473274052143,2,1,0.7,MLP
4,1,1,0.5133345723152161,0.3690380498766899,2,1,0.7,MLP
4,1,2,0.48624749183654786,0.35660824868828056,2,1,0.7,MLP
4,1,3,0.48093593269586565,0.35618566032499077,2,1,0.7,MLP
4,2,0,0.7369794759899377,0.7296783663332462,2,1,0.7,MLP
4,2,1,0.5132270097732544,0.3664142908528447,2,1,0.7,MLP
4,3,0,0.6944614754989743,0.6902114074677229,2,1,0.7,MLP
4,3,1,0.5095301009714603,0.3854964444413781,2,1,0.7,MLP
4,3,2,0.4793166361749172,0.377819830738008,2,1,0.7,MLP
4,3,3,0.4757240667939186,0.37027686592191456,2,1,0.7,MLP
4,3,4,0.47421361654996874,0.36885136272758245,2,1,0.7,MLP
4,3,5,0.473568831384182,0.36548793856054546,2,1,0.7,MLP
4,3,6,0.47107662409543993,0.36359510086476804,2,1,0.7,MLP
4,4,0,0.684769487939775,0.6892630502581596,2,1,0.7,MLP
4,4,1,0.5265725240111351,0.35812961738556626,2,1,0.7,MLP
4,4,2,0.49675395488739016,0.35233445148915055,2,1,0.7,MLP
4,5,0,0.7940019220113754,0.8132708810947158,2,1,0.7,MLP
4,5,1,0.5429352842271328,0.391970703039657,2,1,0.7,MLP
4,5,2,0.5102724954485893,0.3815633383664218,2,1,0.7,MLP
4,6,0,0.7136739365756511,0.6996257596395232,2,1,0.7,MLP
4,6,1,0.5203691340982914,0.4350475018674677,2,1,0.7,MLP
4,6,2,0.501476252824068,0.4050778727978468,2,1,0.7,MLP
4,7,0,0.7817886494100094,0.7922207882458513,2,1,0.7,MLP
4,7,1,0.5396222911775113,0.44641827199269424,2,1,0.7,MLP
4,7,2,0.505672650784254,0.4458492902869528,2,1,0.7,MLP
4,7,3,0.5023250065743923,0.42370947382666846,2,1,0.7,MLP
4,7,4,0.49876037538051604,0.4139597891745242,2,1,0.7,MLP
4,8,0,0.6542640695348382,0.6566948606209322,2,1,0.7,MLP
4,8,1,0.531368613243103,0.40950331650674343,2,1,0.7,MLP
4,8,2,0.5005607567727566,0.4047626471993598,2,1,0.7,MLP
4,8,3,0.5020234316587449,0.3978152341124686,2,1,0.7,MLP
4,8,4,0.49863779321312907,0.3809045632793145,2,1,0.7,MLP
4,9,0,0.706594573520124,0.708920343355699,2,1,0.7,MLP
4,9,1,0.5349091492593289,0.41652792759917,2,1,0.7,MLP
4,9,2,0.5035876832902432,0.41596632467752154,2,1,0.7,MLP
5,0,0,0.6884230135008693,0.6948117777705193,2,1,0.7,RNN
5,0,1,0.3943068660795689,0.35265509858727456,2,1,0.7,RNN
5,0,2,0.3354566037654877,0.34688057024031876,2,1,0.7,RNN
5,0,3,0.32791680507361887,0.3361116139218211,2,1,0.7,RNN
5,0,4,0.3226979676634073,0.32921978887170555,2,1,0.7,RNN
5,0,5,0.3174118738621473,0.3188817422837019,2,1,0.7,RNN
5,0,6,0.3103543918579817,0.3007422165945172,2,1,0.7,RNN
5,0,7,0.2989425465464592,0.297965276427567,2,1,0.7,RNN
5,0,8,0.29850827120244505,0.28774444460868837,2,1,0.7,RNN
5,1,0,0.6814895736053586,0.6885502800345421,2,1,0.7,RNN
5,1,1,0.3972428895533085,0.32142536602914334,2,1,0.7,RNN
5,1,2,0.32815717458724974,0.31520944125950334,2,1,0.7,RNN
5,1,3,0.3211297642439604,0.31064635785296557,2,1,0.7,RNN
5,1,4,0.31719284914433954,0.306899808626622,2,1,0.7,RNN
5,1,5,0.3128025695681572,0.30242178291082383,2,1,0.7,RNN
5,1,6,0.3074121862649918,0.29736525621265175,2,1,0.7,RNN
5,1,7,0.301737429946661,0.29221171196550133,2,1,0.7,RNN
5,1,8,0.2977639403194189,0.28494480745866896,2,1,0.7,RNN
5,1,9,0.2925975635647774,0.2800678325816989,2,1,0.7,RNN
5,1,10,0.29026130214333534,0.27582724280655385,2,1,0.7,RNN
5,1,11,0.28754733242094516,0.2737098845653236,2,1,0.7,RNN
5,1,12,0.28148828260600567,0.2692779411561787,2,1,0.7,RNN
5,2,0,0.837638258188963,0.8466189347207547,2,1,0.7,RNN
5,2,1,0.39287359938025473,0.32104876432567836,2,1,0.7,RNN
5,2,2,0.33183328099548814,0.3175847684964538,2,1,0.7,RNN
5,2,3,0.324609449878335,0.29639788130298256,2,1,0.7,RNN
5,3,0,0.5948967172764241,0.6110708117485046,2,1,0.7,RNN
5,3,1,0.3456097453832626,0.3149265704676509,2,1,0.7,RNN
5,3,2,0.3080776009708643,0.29948530038818716,2,1,0.7,RNN
5,3,3,0.2954810604453087,0.29878398058936,2,1,0.7,RNN
5,3,4,0.2902561116963625,0.2882473331876099,2,1,0.7,RNN
5,4,0,1.0673434030264617,1.0755592696368694,2,1,0.7,RNN
5,4,1,0.4049877695739269,0.33371307160705327,2,1,0.7,RNN
5,4,2,0.33326787799596785,0.3247613270767033,2,1,0.7,RNN
5,4,3,0.32514736987650394,0.3138983640819788,2,1,0.7,RNN
5,5,0,0.7886453894898295,0.7961835583502596,2,1,0.7,RNN
5,5,1,0.3913888830691576,0.27902620599012484,2,1,0.7,RNN
5,5,2,0.331184084713459,0.26839393411170354,2,1,0.7,RNN
5,6,0,0.6946387097239495,0.6973318721760403,2,1,0.7,RNN
5,6,1,0.38941408768296243,0.3054703257300637,2,1,0.7,RNN
5,6,2,0.3254693567752838,0.28697830955074594,2,1,0.7,RNN
5,6,3,0.3170179475098848,0.28652462049980054,2,1,0.7,RNN
5,6,4,0.3127038050442934,0.2840836894783107,2,1,0.7,RNN
5,6,5,0.3033646546304226,0.26796545376154507,2,1,0.7,RNN
5,6,6,0.29654801115393636,0.26326921641487966,2,1,0.7,RNN
5,6,7,0.28827479630708697,0.25756682150743226,2,1,0.7,RNN
5,7,0,0.7050624325871467,0.7056910578500141,2,1,0.7,RNN
5,7,1,0.368768547847867,0.29747220856899564,2,1,0.7,RNN
5,7,2,0.3201134104281664,0.2887480534951795,2,1,0.7,RNN
5,7,3,0.3059009823948145,0.27306200843304396,2,1,0.7,RNN
5,7,4,0.3022645030170679,0.2720791306346655,2,1,0.7,RNN
5,7,5,0.30060644820332527,0.27040794686498965,2,1,0.7,RNN
5,7,6,0.29145439341664314,0.2654576912014322,2,1,0.7,RNN
5,7,7,0.29252001643180847,0.2580765596675602,2,1,0.7,RNN
5,8,0,0.8093236725777387,0.8035969063639641,2,1,0.7,RNN
5,8,1,0.4146104857325554,0.3202157521789724,2,1,0.7,RNN
5,8,2,0.3338744729757309,0.3186063946817409,2,1,0.7,RNN
5,8,3,0.326445534452796,0.30794554203748703,2,1,0.7,RNN
5,8,4,0.31654281318187716,0.29051282189109107,2,1,0.7,RNN
5,8,5,0.3149534214287996,0.28095801089974964,2,1,0.7,RNN
5,8,6,0.3010713208466768,0.2636565027589148,2,1,0.7,RNN
5,9,0,0.6215212523937226,0.6252499629150737,2,1,0.7,RNN
5,9,1,0.362939515337348,0.3516869685527953,2,1,0.7,RNN
6,0,0,0.7773041436448693,0.784406365454197,2,1,0.7,LSTM
6,0,1,0.5976888485252857,0.4149150114506483,2,1,0.7,LSTM
6,0,2,0.3597409002482891,0.3261597314849496,2,1,0.7,LSTM
6,0,3,0.30396219342947006,0.26747931018471716,2,1,0.7,LSTM
6,0,4,0.2626932427287102,0.23167288033291697,2,1,0.7,LSTM
6,0,5,0.24390240982174874,0.22032228698953987,2,1,0.7,LSTM
6,0,6,0.22371586076915265,0.2055724561214447,2,1,0.7,LSTM
6,0,7,0.21399227511137725,0.19742375933565198,2,1,0.7,LSTM
6,0,8,0.19905591309070586,0.19273229106329381,2,1,0.7,LSTM
6,0,9,0.18517354354262353,0.18574083875864744,2,1,0.7,LSTM
6,0,10,0.1898370034992695,0.16912154224701226,2,1,0.7,LSTM
6,1,0,0.7437650470063091,0.7431341052055359,2,1,0.7,LSTM
6,1,1,0.5394530884921551,0.384718681499362,2,1,0.7,LSTM
6,1,2,0.3442467715591192,0.31651508547365664,2,1,0.7,LSTM
6,1,3,0.3028625790029764,0.2936408407986164,2,1,0.7,LSTM
6,1,4,0.27943716645240785,0.2763377512805164,2,1,0.7,LSTM
6,1,5,0.27599704451859,0.2525021524168551,2,1,0.7,LSTM
6,1,6,0.2572576720267534,0.24030540185049176,2,1,0.7,LSTM
6,1,7,0.23507271595299245,0.23333024336025118,2,1,0.7,LSTM
6,1,8,0.21986346878111362,0.21532229315489532,2,1,0.7,LSTM
6,1,9,0.21607513017952443,0.21418305947445332,2,1,0.7,LSTM
6,2,0,0.7568884352222085,0.758778803050518,2,1,0.7,LSTM
6,2,1,0.45231750458478925,0.3571462742984295,2,1,0.7,LSTM
6,2,2,0.3095356855541468,0.3170039133168757,2,1,0.7,LSTM
6,2,3,0.2717423241585493,0.3076494884677231,2,1,0.7,LSTM
6,2,4,0.25001716464757917,0.25358496671542524,2,1,0.7,LSTM
6,3,0,0.7066672828048468,0.709030556678772,2,1,0.7,LSTM
6,3,1,0.4465752199292183,0.3100330650806427,2,1,0.7,LSTM
6,3,2,0.2960451617836952,0.2726379086263478,2,1,0.7,LSTM
6,3,3,0.2662977337837219,0.24838832598179578,2,1,0.7,LSTM
6,3,4,0.2474748082458973,0.23031475003808738,2,1,0.7,LSTM
6,3,5,0.2329594051465392,0.21932635307312012,2,1,0.7,LSTM
6,4,0,0.7124544100835919,0.7117324464023114,2,1,0.7,LSTM
6,4,1,0.493955560028553,0.30854060407727957,2,1,0.7,LSTM
6,4,2,0.3105720613151789,0.2632591787725687,2,1,0.7,LSTM
6,4,3,0.2638460613787174,0.22460385682061315,2,1,0.7,LSTM
6,4,4,0.2354870367795229,0.2078301223460585,2,1,0.7,LSTM
6,4,5,0.22229887843132018,0.18686144119128584,2,1,0.7,LSTM
6,4,6,0.2024064464494586,0.1775051025208086,2,1,0.7,LSTM
6,4,7,0.1961695995181799,0.15702964472584427,2,1,0.7,LSTM
6,5,0,0.6955517759546638,0.6890467716888948,2,1,0.7,LSTM
6,5,1,0.4684313930571079,0.31665819917212834,2,1,0.7,LSTM
6,5,2,0.31250090450048446,0.26127132536335423,2,1,0.7,LSTM
6,5,3,0.26698227114975454,0.22288252201608635,2,1,0.7,LSTM
6,5,4,0.2483526773750782,0.21427594573998993,2,1,0.7,LSTM
6,5,5,0.23938695676624774,0.20364319935271685,2,1,0.7,LSTM
6,5,6,0.2289795760065317,0.20148636028170586,2,1,0.7,LSTM
6,5,7,0.22278167121112347,0.19201789030127905,2,1,0.7,LSTM
6,5,8,0.21410994045436382,0.18448237952014263,2,1,0.7,LSTM
6,5,9,0.21035453528165818,0.1799843154254962,2,1,0.7,LSTM
6,5,10,0.20499036721885205,0.17667471604760399,2,1,0.7,LSTM
6,5,11,0.20027829185128213,0.16858401136811485,2,1,0.7,LSTM
6,6,0,0.705392830632627,0.7026468386704271,2,1,0.7,LSTM
6,6,1,0.5032703422009945,0.3334998469799757,2,1,0.7,LSTM
6,6,2,0.31191114485263827,0.2737962564622814,2,1,0.7,LSTM
6,6,3,0.28325618878006936,0.25395265001464973,2,1,0.7,LSTM
6,6,4,0.2642756521701813,0.23516367172653024,2,1,0.7,LSTM
6,7,0,0.7252393269911408,0.7202112180265513,2,1,0.7,LSTM
6,7,1,0.5895568057894707,0.426654785532843,2,1,0.7,LSTM
6,7,2,0.367436571419239,0.3284226781265302,2,1,0.7,LSTM
6,7,3,0.3106903925538063,0.29440787874839525,2,1,0.7,LSTM
6,8,0,0.7982022417709231,0.7961236434904012,2,1,0.7,LSTM
6,8,1,0.47076082453131673,0.328432634472847,2,1,0.7,LSTM
6,8,2,0.30621526166796686,0.27389859061010857,2,1,0.7,LSTM
6,9,0,0.7128043662756681,0.7048824145035311,2,1,0.7,LSTM
6,9,1,0.5240257576107978,0.3705765141004866,2,1,0.7,LSTM
6,9,2,0.32571363151073457,0.318077523176643,2,1,0.7,LSTM
6,9,3,0.2972758326679468,0.3026350968602029,2,1,0.7,LSTM
6,9,4,0.28687036596238613,0.2887217051095583,2,1,0.7,LSTM
6,9,5,0.27688301242887975,0.28171435108577664,2,1,0.7,LSTM
6,9,6,0.2624486681073904,0.2710162960839542,2,1,0.7,LSTM
6,9,7,0.25185069926083087,0.2580961928787557,2,1,0.7,LSTM
6,9,8,0.24195160940289498,0.24514661331407048,2,1,0.7,LSTM
6,9,9,0.2345100302249193,0.2324005284092643,2,1,0.7,LSTM
6,9,10,0.22415346316993237,0.21249014731835236,2,1,0.7,LSTM
6,9,11,0.2121278803795576,0.1923427480188283,2,1,0.7,LSTM
6,9,12,0.20295450501143933,0.1842993771318685,2,1,0.7,LSTM
6,9,13,0.19653578326106072,0.1771849326535382,2,1,0.7,LSTM
6,9,14,0.18880310822278262,0.16690664967014032,2,1,0.7,LSTM
6,9,15,0.17369992416352034,0.1527630721472881,2,1,0.7,LSTM
6,9,16,0.16321887634694576,0.15214017312973738,2,1,0.7,LSTM
6,9,17,0.15575282070785762,0.14544230322776872,2,1,0.7,LSTM
6,9,18,0.15252274908125402,0.1351049499247562,2,1,0.7,LSTM
7,0,0,0.6860332196578384,0.685454748570919,4,1,0.7,MLP
7,0,1,0.4548110865056515,0.3044225826859474,4,1,0.7,MLP
7,0,2,0.42894372567534444,0.27916128607466817,4,1,0.7,MLP
7,0,3,0.42376266941428187,0.2733065069653094,4,1,0.7,MLP
7,1,0,0.743744733184576,0.7435695007443428,4,1,0.7,MLP
7,1,1,0.45419794619083403,0.39351408276706934,4,1,0.7,MLP
7,1,2,0.42994792833924295,0.3276886255480349,4,1,0.7,MLP
7,1,3,0.4236118972301483,0.31335416696965696,4,1,0.7,MLP
7,2,0,0.7007660014554858,0.6964769646525383,4,1,0.7,MLP
7,2,1,0.4418931409716606,0.31927815433591605,4,1,0.7,MLP
7,2,2,0.41987359151244164,0.30674954494461415,4,1,0.7,MLP
7,3,0,0.7779129853472113,0.7631199926137924,4,1,0.7,MLP
7,3,1,0.43124285265803336,0.3429645273834467,4,1,0.7,MLP
7,4,0,0.707958222553134,0.704846054315567,4,1,0.7,MLP
7,4,1,0.4489124923944473,0.3342969740740955,4,1,0.7,MLP
7,5,0,0.8158271806314588,0.8202695670452985,4,1,0.7,MLP
7,5,1,0.4425541780889034,0.3423612541942434,4,1,0.7,MLP
7,6,0,0.6774177452549338,0.6811868731271137,4,1,0.7,MLP
7,6,1,0.45230276361107824,0.3481247121129524,4,1,0.7,MLP
7,6,2,0.4161775268614292,0.3390189253471114,4,1,0.7,MLP
7,6,3,0.4125109829008579,0.3290065120566975,4,1,0.7,MLP
7,6,4,0.40994823575019834,0.32563036561689596,4,1,0.7,MLP
7,7,0,0.7232504066079855,0.7216317822987383,4,1,0.7,MLP
7,7,1,0.43722952231764795,0.3156022744422609,4,1,0.7,MLP
7,7,2,0.4171286389231682,0.3072592197832736,4,1,0.7,MLP
7,8,0,0.7196471020579338,0.7275134060870517,4,1,0.7,MLP
7,8,1,0.4343790873885155,0.34454038891602645,4,1,0.7,MLP
7,8,2,0.4080418646335602,0.33919185687872494,4,1,0.7,MLP
7,8,3,0.40021263509988786,0.33462800221009686,4,1,0.7,MLP
7,8,4,0.3980526216328144,0.32918031691488897,4,1,0.7,MLP
7,8,5,0.3934485211968422,0.32241239127787674,4,1,0.7,MLP
7,8,6,0.3919432945549488,0.3200643957507881,4,1,0.7,MLP
7,8,7,0.38908264264464376,0.31731299979781563,4,1,0.7,MLP
7,8,8,0.3878475971519947,0.3137785656885667,4,1,0.7,MLP
7,8,9,0.38659592196345327,0.3133614562790502,4,1,0.7,MLP
7,8,10,0.3837012887001038,0.31272538497366686,4,1,0.7,MLP
7,8,11,0.38458548560738565,0.3084085464308208,4,1,0.7,MLP
7,9,0,0.6802023451775312,0.6831054105000063,4,1,0.7,MLP
7,9,1,0.43931730166077615,0.3074263897301121,4,1,0.7,MLP
7,9,2,0.41974116340279577,0.3005016235296022,4,1,0.7,MLP
8,0,0,0.7060763576999307,0.7162994742393494,4,1,0.7,RNN
8,0,1,0.35239062272012234,0.32383299665525556,4,1,0.7,RNN
8,1,0,0.7215989312157035,0.7421714946627617,4,1,0.7,RNN
8,1,1,0.3494639292359352,0.2970043569803238,4,1,0.7,RNN
8,1,2,0.3087319277226925,0.2889194065704942,4,1,0.7,RNN
8,2,0,0.697528469003737,0.6939611248672009,4,1,0.7,RNN
8,2,1,0.3559035897254944,0.28438614048063754,4,1,0.7,RNN
8,2,2,0.31636982783675194,0.27393130110576747,4,1,0.7,RNN
8,2,3,0.30695041343569757,0.26500029638409617,4,1,0.7,RNN
8,3,0,0.8071175873279571,0.8060781471431255,4,1,0.7,RNN
8,3,1,0.3540838733315468,0.2893684861250222,4,1,0.7,RNN
8,3,2,0.30929238237440587,0.27687388816848396,4,1,0.7,RNN
8,3,3,0.29247688688337803,0.2763402504846454,4,1,0.7,RNN
8,3,4,0.2930866338312626,0.27300418736413123,4,1,0.7,RNN
8,3,5,0.2788125332444906,0.25354818208143115,4,1,0.7,RNN
8,4,0,0.8038099381141365,0.7949431069195271,4,1,0.7,RNN
8,4,1,0.36219648383557795,0.3058803962543607,4,1,0.7,RNN
8,4,2,0.30041939690709113,0.3023636819794774,4,1,0.7,RNN
8,4,3,0.292391562089324,0.277759259659797,4,1,0.7,RNN
8,4,4,0.2851465757936239,0.275202111992985,4,1,0.7,RNN
8,4,5,0.27897974103689194,0.26096587274223565,4,1,0.7,RNN
8,4,6,0.27287356443703176,0.2471126883290708,4,1,0.7,RNN
8,5,0,0.7035711571574211,0.7123339027166367,4,1,0.7,RNN
8,5,1,0.35324290916323664,0.29110995502295817,4,1,0.7,RNN
8,5,2,0.30264737717807294,0.27124794640324335,4,1,0.7,RNN
8,5,3,0.29752687402069566,0.2594140731644901,4,1,0.7,RNN
8,5,4,0.2863198734819889,0.2569744168696078,4,1,0.7,RNN
8,5,5,0.26908195689320563,0.24260042146356267,4,1,0.7,RNN
8,6,0,0.590219192020595,0.5952126695351168,4,1,0.7,RNN
8,6,1,0.33505436815321443,0.3298123866658319,4,1,0.7,RNN
8,6,2,0.28844141140580176,0.3195587598126043,4,1,0.7,RNN
8,7,0,0.6497386578470469,0.6459062790328806,4,1,0.7,RNN
8,7,1,0.3387551121413708,0.2975073466077447,4,1,0.7,RNN
8,7,2,0.3009937576949596,0.28163102751767094,4,1,0.7,RNN
8,7,3,0.28927618972957136,0.2628462618555535,4,1,0.7,RNN
8,7,4,0.27449192516505716,0.24819929982450875,4,1,0.7,RNN
8,8,0,0.7152198743075132,0.7171089601787654,4,1,0.7,RNN
8,8,1,0.35852838568389417,0.32129673371938144,4,1,0.7,RNN
8,8,2,0.3129022430628538,0.2939048543233763,4,1,0.7,RNN
8,8,3,0.2985662367194891,0.2833465346219865,4,1,0.7,RNN
8,8,4,0.289665836468339,0.2732682190835476,4,1,0.7,RNN
8,8,5,0.28139727786183355,0.26735612208193,4,1,0.7,RNN
8,8,6,0.26956811286509036,0.25771565261212265,4,1,0.7,RNN
8,9,0,0.8463983839377761,0.8408999592065811,4,1,0.7,RNN
8,9,1,0.37054182030260563,0.38028844217346475,4,1,0.7,RNN
8,9,2,0.3091092240065336,0.3533856363289736,4,1,0.7,RNN
8,9,3,0.3026781614869833,0.33749738496474246,4,1,0.7,RNN
9,0,0,0.7776065766811371,0.7845384925603867,4,1,0.7,LSTM
9,0,1,0.41887037046253683,0.2976453132927418,4,1,0.7,LSTM
9,0,2,0.2653317078948021,0.2623171955347061,4,1,0.7,LSTM
9,0,3,0.2357784580439329,0.24638294135220348,4,1,0.7,LSTM
9,0,4,0.21455034986138344,0.2250760791823268,4,1,0.7,LSTM
9,0,5,0.20979029424488543,0.21573427626863123,4,1,0.7,LSTM
9,1,0,0.7525793857872486,0.7477651186287403,4,1,0.7,LSTM
9,1,1,0.4262584302574396,0.30493157655000686,4,1,0.7,LSTM
9,1,2,0.2746554844081402,0.26076113861054184,4,1,0.7,LSTM
9,1,3,0.2383754789829254,0.22084094993770123,4,1,0.7,LSTM
9,1,4,0.20938635393977165,0.1896070589311421,4,1,0.7,LSTM
9,2,0,0.6934582818299532,0.6993888564407825,4,1,0.7,LSTM
9,2,1,0.43841915726661684,0.316217652335763,4,1,0.7,LSTM
9,2,2,0.27422491684556005,0.27321420507505534,4,1,0.7,LSTM
9,2,3,0.248239666223526,0.253737780591473,4,1,0.7,LSTM
9,2,4,0.229498428478837,0.24668319174088538,4,1,0.7,LSTM
9,2,5,0.22026534248143434,0.2364817679859698,4,1,0.7,LSTM
9,2,6,0.2104563545435667,0.2221596993971616,4,1,0.7,LSTM
9,3,0,0.6655375430360436,0.6654361911118031,4,1,0.7,LSTM
9,3,1,0.3995864301919937,0.2890915147960186,4,1,0.7,LSTM
9,3,2,0.27351779118180275,0.25293827122077345,4,1,0.7,LSTM
9,3,3,0.25997836850583556,0.22083030799403786,4,1,0.7,LSTM
9,3,4,0.22940860129892826,0.21315609398297966,4,1,0.7,LSTM
9,3,5,0.2156738515943289,0.18770299409516156,4,1,0.7,LSTM
9,3,6,0.2011481525376439,0.17731485748663545,4,1,0.7,LSTM
9,3,7,0.19276896975934504,0.1702206572983414,4,1,0.7,LSTM
9,3,8,0.18472416941076517,0.16358849895186722,4,1,0.7,LSTM
9,3,9,0.18345151990652084,0.16186819788999857,4,1,0.7,LSTM
9,3,10,0.17235588226467372,0.15663390103727579,4,1,0.7,LSTM
9,3,11,0.1723585667088628,0.1541640027659014,4,1,0.7,LSTM
9,3,12,0.1679830927401781,0.1510537089779973,4,1,0.7,LSTM
9,4,0,0.7124056432396173,0.714402186870575,4,1,0.7,LSTM
9,4,1,0.4362736098468304,0.30788848381489514,4,1,0.7,LSTM
9,4,2,0.26751299016177654,0.2744098246097565,4,1,0.7,LSTM
9,4,3,0.24030810073018075,0.2434402343351394,4,1,0.7,LSTM
9,4,4,0.22289688736200333,0.23497094502672553,4,1,0.7,LSTM
9,5,0,0.704565079510212,0.6965498754923994,4,1,0.7,LSTM
9,5,1,0.4147851951420307,0.29979195581241086,4,1,0.7,LSTM
9,5,2,0.2732548721134663,0.23810901238837026,4,1,0.7,LSTM
9,5,3,0.24006802663207055,0.21009146130051126,4,1,0.7,LSTM
9,5,4,0.2180876513943076,0.19550463574176485,4,1,0.7,LSTM
9,5,5,0.19252588450908661,0.17273309517821128,4,1,0.7,LSTM
9,6,0,0.6675928208976984,0.668821863152764,4,1,0.7,LSTM
9,6,1,0.3599488835781813,0.2569278383796865,4,1,0.7,LSTM
9,6,2,0.25274418480694294,0.21948101807555015,4,1,0.7,LSTM
9,6,3,0.22222131937742234,0.1922727131962099,4,1,0.7,LSTM
9,6,4,0.2104991452768445,0.1816356353546408,4,1,0.7,LSTM
9,7,0,0.7243952719494701,0.7207196449691599,4,1,0.7,LSTM
9,7,1,0.4121320519596338,0.2883354076607661,4,1,0.7,LSTM
9,7,2,0.2484270643442869,0.2523251520469785,4,1,0.7,LSTM
9,7,3,0.22728671338409184,0.23460336736488072,4,1,0.7,LSTM
9,8,0,0.7469649402424693,0.7343745272267949,4,1,0.7,LSTM
9,8,1,0.41724337711930276,0.2736101262271404,4,1,0.7,LSTM
9,8,2,0.2513714171946049,0.2411222584037618,4,1,0.7,LSTM
9,8,3,0.22590223401784898,0.21514537879689175,4,1,0.7,LSTM
9,8,4,0.19296100977808237,0.18232907752760433,4,1,0.7,LSTM
9,9,0,0.7677446808665991,0.7596258270469579,4,1,0.7,LSTM
9,9,1,0.4366982214152813,0.3010174645618959,4,1,0.7,LSTM
9,9,2,0.2850065305829048,0.26587029097771103,4,1,0.7,LSTM
9,9,3,0.2528384901583195,0.24542322170666672,4,1,0.7,LSTM
9,9,4,0.2319151299074292,0.22109422426332126,4,1,0.7,LSTM
9,9,5,0.21777766495943068,0.21786450747061858,4,1,0.7,LSTM
9,9,6,0.2112704971805215,0.2081610459665006,4,1,0.7,LSTM
9,9,7,0.1916038731113076,0.18876089449887248,4,1,0.7,LSTM
9,9,8,0.18605673983693122,0.1828738498416814,4,1,0.7,LSTM
9,9,9,0.17265332527458668,0.17997684063051234,4,1,0.7,LSTM
9,9,10,0.16988014336675406,0.16613048933107744,4,1,0.7,LSTM
9,9,11,0.16340323612093927,0.15694871841167862,4,1,0.7,LSTM
9,9,12,0.1537946615368128,0.1545625324149362,4,1,0.7,LSTM
9,9,13,0.1461814424023032,0.1535712546584281,4,1,0.7,LSTM
9,9,14,0.14483691174536945,0.15150782357986,4,1,0.7,LSTM
10,0,0,0.7066674316301942,0.7100661568343639,8,1,0.7,MLP
10,0,1,0.3919522576034069,0.285326542891562,8,1,0.7,MLP
10,1,0,0.6985566245391965,0.705400264263153,8,1,0.7,MLP
10,1,1,0.4146361157298088,0.3312430243939161,8,1,0.7,MLP
10,1,2,0.38207934275269506,0.3038848771713674,8,1,0.7,MLP
10,2,0,0.7497877119109034,0.7523318879306317,8,1,0.7,MLP
10,2,1,0.3817116104066372,0.345885400660336,8,1,0.7,MLP
10,2,2,0.3508438277989626,0.33591118082404137,8,1,0.7,MLP
10,3,0,0.6839413510635495,0.6877094224095345,8,1,0.7,MLP
10,3,1,0.38848875686526296,0.3205221058800817,8,1,0.7,MLP
10,3,2,0.3585049040615559,0.31000125901773573,8,1,0.7,MLP
10,3,3,0.35256617441773414,0.309219638351351,8,1,0.7,MLP
10,4,0,0.7149937158450484,0.7174673102796078,8,1,0.7,MLP
10,4,1,0.38778780177235606,0.34197792066261173,8,1,0.7,MLP
10,4,2,0.3558616727590561,0.33624522788450123,8,1,0.7,MLP
10,5,0,0.7946902777999639,0.7930443937128241,8,1,0.7,MLP
10,5,1,0.38618306517601014,0.3138162461532788,8,1,0.7,MLP
10,5,2,0.3643526792526245,0.307567724196071,8,1,0.7,MLP
10,6,0,0.6830897189676761,0.685909322716973,8,1,0.7,MLP
10,6,1,0.37944009229540826,0.3170881327241659,8,1,0.7,MLP
10,6,2,0.3577051945030689,0.3144273735921491,8,1,0.7,MLP
10,6,3,0.35049390643835066,0.31320224016566167,8,1,0.7,MLP
10,6,4,0.34757694117724897,0.3064187588170171,8,1,0.7,MLP
10,7,0,0.72537402510643,0.7241111959923398,8,1,0.7,MLP
10,7,1,0.38646428659558296,0.3044754852625457,8,1,0.7,MLP
10,8,0,0.6799490941688419,0.6797503950920972,8,1,0.7,MLP
10,8,1,0.3778236359357834,0.36085697856139054,8,1,0.7,MLP
10,9,0,0.7077068042010068,0.7087035795504396,8,1,0.7,MLP
10,9,1,0.39617150723934175,0.274282879026776,8,1,0.7,MLP
10,9,2,0.3669391468167305,0.27169448052617634,8,1,0.7,MLP
11,0,0,0.6336625814437866,0.6312454078346491,8,1,0.7,RNN
11,0,1,0.33179505355656147,0.29800804192200303,8,1,0.7,RNN
11,0,2,0.2956158220767975,0.27175529869273307,8,1,0.7,RNN
11,0,3,0.28153589814901353,0.2515348234213889,8,1,0.7,RNN
11,0,4,0.2744612194597721,0.24578078584745527,8,1,0.7,RNN
11,0,5,0.28135820738971234,0.24359768452122807,8,1,0.7,RNN
11,0,6,0.2604098156094551,0.23361902656033634,8,1,0.7,RNN
11,1,0,0.871586580760777,0.8662921525537968,8,1,0.7,RNN
11,1,1,0.33277323581278323,0.2978855944238603,8,1,0.7,RNN
11,1,2,0.2966937284916639,0.28178331768140197,8,1,0.7,RNN
11,1,3,0.27882321961224077,0.27738223541527984,8,1,0.7,RNN
11,1,4,0.27494451999664304,0.2684777840971947,8,1,0.7,RNN
11,2,0,0.6897306183353067,0.6906794056296348,8,1,0.7,RNN
11,2,1,0.3264668960124254,0.3112615463323891,8,1,0.7,RNN
11,2,2,0.2827844761312008,0.30085635194554927,8,1,0.7,RNN
11,2,3,0.2716030959039927,0.27365115922875705,8,1,0.7,RNN
11,3,0,0.8260408420115709,0.8328672029078007,8,1,0.7,RNN
11,3,1,0.342359722033143,0.272029303945601,8,1,0.7,RNN
11,3,2,0.2988512024283409,0.2692652361467481,8,1,0.7,RNN
11,3,3,0.28043132424354555,0.24408684959635138,8,1,0.7,RNN
11,4,0,0.6154161353595555,0.6272799491882324,8,1,0.7,RNN
11,4,1,0.32534142285585405,0.31953066159039734,8,1,0.7,RNN
11,5,0,0.6023550091311336,0.6062303815375675,8,1,0.7,RNN
11,5,1,0.3218253400176764,0.2722222564572638,8,1,0.7,RNN
11,5,2,0.28401364758610725,0.2607554084706036,8,1,0.7,RNN
11,5,3,0.2718810550868511,0.23750234932892703,8,1,0.7,RNN
11,6,0,0.6883015368133784,0.6869372021068226,8,1,0.7,RNN
11,6,1,0.32721724919974804,0.3366022908382795,8,1,0.7,RNN
11,6,2,0.2815688282251358,0.3269339899786494,8,1,0.7,RNN
11,6,3,0.27689917050302026,0.31795775213024835,8,1,0.7,RNN
11,6,4,0.25983133874833586,0.3113480851223523,8,1,0.7,RNN
11,6,5,0.25336470529437066,0.301292562645606,8,1,0.7,RNN
11,7,0,0.5856120094656945,0.581470515917648,8,1,0.7,RNN
11,7,1,0.3288569703698158,0.2734848723154176,8,1,0.7,RNN
11,7,2,0.2938485983759165,0.2552388003942641,8,1,0.7,RNN
11,7,3,0.28071008138358594,0.24305410937152125,8,1,0.7,RNN
11,7,4,0.2801981870085001,0.24258460773324425,8,1,0.7,RNN
11,7,5,0.27095081359148027,0.23458141325549645,8,1,0.7,RNN
11,7,6,0.27314368560910224,0.21410240097479386,8,1,0.7,RNN
11,8,0,0.5901726121082902,0.6065213615921411,8,1,0.7,RNN
11,8,1,0.32019531168043613,0.27500548416917975,8,1,0.7,RNN
11,8,2,0.2816091600805521,0.2656725531189956,8,1,0.7,RNN
11,8,3,0.2758803624659777,0.25293253421444784,8,1,0.7,RNN
11,8,4,0.27008542977273464,0.2294383371587504,8,1,0.7,RNN
11,8,5,0.2582359969615936,0.22460308514366095,8,1,0.7,RNN
11,9,0,0.7513159770518542,0.7576632316816937,8,1,0.7,RNN
11,9,1,0.33108560256659986,0.3251341147009622,8,1,0.7,RNN
11,9,2,0.290018106251955,0.30988463750955736,8,1,0.7,RNN
12,0,0,0.6594049045816064,0.6596887700259686,8,1,0.7,LSTM
12,0,1,0.34316753298044206,0.23602181021124125,8,1,0.7,LSTM
12,0,2,0.2515645116567612,0.20025160228833555,8,1,0.7,LSTM
12,0,3,0.21872758865356445,0.1685694683343172,8,1,0.7,LSTM
12,0,4,0.19338589012622834,0.15649222801439464,8,1,0.7,LSTM
12,0,5,0.1867722975090146,0.15369900674559175,8,1,0.7,LSTM
12,0,6,0.18000998366624116,0.14628268696833402,8,1,0.7,LSTM
12,1,0,0.6854273868724704,0.683620722591877,8,1,0.7,LSTM
12,1,1,0.35959120728075505,0.21682224133983255,8,1,0.7,LSTM
12,1,2,0.25885358937084674,0.20891691669821738,8,1,0.7,LSTM
12,1,3,0.22543296813964844,0.1557210956234485,8,1,0.7,LSTM
12,1,4,0.19966062232851983,0.14394997246563435,8,1,0.7,LSTM
12,2,0,0.6705310374498368,0.6690725959837437,8,1,0.7,LSTM
12,2,1,0.3432454105466604,0.25379388565197586,8,1,0.7,LSTM
12,2,2,0.2531557075679302,0.23191195181570948,8,1,0.7,LSTM
12,2,3,0.22657431997358798,0.20268831108696758,8,1,0.7,LSTM
12,2,4,0.20373463481664658,0.18017159465234728,8,1,0.7,LSTM
12,2,5,0.19587017856538297,0.17759892889298498,8,1,0.7,LSTM
12,2,6,0.18059410322457553,0.15867464398033918,8,1,0.7,LSTM
12,2,7,0.1679734842851758,0.1564341570949182,8,1,0.7,LSTM
12,3,0,0.7017705829814076,0.7074830889701843,8,1,0.7,LSTM
12,3,1,0.35858855322003363,0.24957222295925022,8,1,0.7,LSTM
12,3,2,0.24006045162677764,0.20872986908070743,8,1,0.7,LSTM
12,3,3,0.2119642298668623,0.20291436144616454,8,1,0.7,LSTM
12,3,4,0.19744164254516364,0.18618522512260824,8,1,0.7,LSTM
12,4,0,0.6502185586839915,0.6514553800225258,8,1,0.7,LSTM
12,4,1,0.3232375841587782,0.23147457279264927,8,1,0.7,LSTM
12,4,2,0.2328917670994997,0.1904254631139338,8,1,0.7,LSTM
12,4,3,0.20158530678600073,0.177960339281708,8,1,0.7,LSTM
12,4,4,0.18974169827997683,0.15615222644992172,8,1,0.7,LSTM
12,4,5,0.18322184048593043,0.14681326812133194,8,1,0.7,LSTM
12,4,6,0.1743326449766755,0.1460232502548024,8,1,0.7,LSTM
12,4,7,0.17396983914077283,0.13979454534128308,8,1,0.7,LSTM
12,4,8,0.16420807503163815,0.1302549856249243,8,1,0.7,LSTM
12,4,9,0.16008541751652955,0.1265650845132768,8,1,0.7,LSTM
12,5,0,0.7113970091566444,0.7100489085370844,8,1,0.7,LSTM
12,5,1,0.3350761167705059,0.22646943699907174,8,1,0.7,LSTM
12,5,2,0.21868179999291898,0.1953407914631746,8,1,0.7,LSTM
12,6,0,0.6714623237028718,0.6690191105008125,8,1,0.7,LSTM
12,6,1,0.32890747841447593,0.28125891605900094,8,1,0.7,LSTM
12,6,2,0.23133772909641265,0.23381870121441103,8,1,0.7,LSTM
12,6,3,0.20487350821495057,0.19786836245012554,8,1,0.7,LSTM
12,7,0,0.7311678178608417,0.7325109731067311,8,1,0.7,LSTM
12,7,1,0.3678912092000246,0.26824111779305065,8,1,0.7,LSTM
12,7,2,0.24700968638062476,0.23533734349025923,8,1,0.7,LSTM
12,7,3,0.2223301615566015,0.2162193269468844,8,1,0.7,LSTM
12,7,4,0.19899364728480579,0.19732263256711038,8,1,0.7,LSTM
12,7,5,0.18325125630944966,0.19376116237518462,8,1,0.7,LSTM
12,7,6,0.19443553127348423,0.1871988700533455,8,1,0.7,LSTM
12,7,7,0.1632964039221406,0.17945416161621158,8,1,0.7,LSTM
12,7,8,0.15924885869026184,0.17026757063682785,8,1,0.7,LSTM
12,7,9,0.15477969869971275,0.15930912961167368,8,1,0.7,LSTM
12,8,0,0.6985626323148608,0.6924847100268711,8,1,0.7,LSTM
12,8,1,0.35313217490911486,0.2815518450330604,8,1,0.7,LSTM
12,8,2,0.23773171976208687,0.24180594391443513,8,1,0.7,LSTM
12,9,0,0.6838817907497287,0.685248229991306,8,1,0.7,LSTM
12,9,1,0.3499437175691128,0.26036551941863517,8,1,0.7,LSTM
12,9,2,0.2598574060946703,0.22819249738346448,8,1,0.7,LSTM
12,9,3,0.2337379775941372,0.22171955564143983,8,1,0.7,LSTM
12,9,4,0.20377860143780707,0.187732734632763,8,1,0.7,LSTM
13,0,0,0.7649846518412232,0.775510835647583,16,1,0.7,MLP
13,0,1,0.39016794636845586,0.3197636985220015,16,1,0.7,MLP
13,0,2,0.34059141054749487,0.30237637301906944,16,1,0.7,MLP
13,0,3,0.3361614909023046,0.2982516190968454,16,1,0.7,MLP
13,1,0,0.7136157542467118,0.7072676122188568,16,1,0.7,MLP
13,1,1,0.36048089191317556,0.31269042305648326,16,1,0.7,MLP
13,1,2,0.3331227846443653,0.302475696336478,16,1,0.7,MLP
13,2,0,0.6974316189065576,0.6943341113626957,16,1,0.7,MLP
13,2,1,0.36491342820227146,0.31009558821097016,16,1,0.7,MLP
13,2,2,0.3326403096318245,0.3064261483028531,16,1,0.7,MLP
13,2,3,0.3302913933992386,0.3042914762161672,16,1,0.7,MLP
13,2,4,0.32741272188723086,0.30418003387749193,16,1,0.7,MLP
13,3,0,0.7214521052315831,0.7122035756707191,16,1,0.7,MLP
13,3,1,0.3616194002330303,0.31452086567878723,16,1,0.7,MLP
13,4,0,0.7003290019929409,0.6991170004010201,16,1,0.7,MLP
13,4,1,0.3650741815567017,0.3085486331023276,16,1,0.7,MLP
13,4,2,0.34323247373104093,0.3043400666676462,16,1,0.7,MLP
13,5,0,0.6895550547167659,0.6943974752317775,16,1,0.7,MLP
13,5,1,0.35582523606717587,0.32980469944463536,16,1,0.7,MLP
13,6,0,0.6951930403709412,0.6914442208680239,16,1,0.7,MLP
13,6,1,0.36928406432271005,0.33321962276981637,16,1,0.7,MLP
13,6,2,0.34276174008846283,0.3314063748852773,16,1,0.7,MLP
13,6,3,0.33632878586649895,0.32546747010201216,16,1,0.7,MLP
13,7,0,0.6649822080507874,0.667406561022455,16,1,0.7,MLP
13,7,1,0.36744416803121566,0.36685840954834764,16,1,0.7,MLP
13,7,2,0.3420692652463913,0.30886520877141843,16,1,0.7,MLP
13,7,3,0.33640934601426126,0.3045421936972575,16,1,0.7,MLP
13,8,0,0.680571790970862,0.6859055425633084,16,1,0.7,MLP
13,8,1,0.36214997209608557,0.32490610449828883,16,1,0.7,MLP
13,8,2,0.3367251455783844,0.3159130390056155,16,1,0.7,MLP
13,9,0,0.6512655161321164,0.6502586874094877,16,1,0.7,MLP
13,9,1,0.35661994144320486,0.29761298102411354,16,1,0.7,MLP
14,0,0,0.6898859929293394,0.6889144375920295,16,1,0.7,RNN
14,0,1,0.31750759594142436,0.2938316469080746,16,1,0.7,RNN
14,0,2,0.2821439802646637,0.23938555349595844,16,1,0.7,RNN
14,0,3,0.2749587643891573,0.2322519023437053,16,1,0.7,RNN
14,0,4,0.2759201802313328,0.23188756462186574,16,1,0.7,RNN
14,0,5,0.23605524823069574,0.1911399658303708,16,1,0.7,RNN
14,1,0,0.6863808861002326,0.699479254335165,16,1,0.7,RNN
14,1,1,0.31080520451068877,0.2980258844792843,16,1,0.7,RNN
14,2,0,0.6882774636149407,0.6801432840526104,16,1,0.7,RNN
14,2,1,0.319825990870595,0.28861986231058834,16,1,0.7,RNN
14,2,2,0.2871946670114994,0.264403756801039,16,1,0.7,RNN
14,3,0,0.7267869072034955,0.72622981518507,16,1,0.7,RNN
14,3,1,0.31934668235480784,0.2767932145856321,16,1,0.7,RNN
14,3,2,0.28333806730806826,0.27165227131918074,16,1,0.7,RNN
14,3,3,0.26647812128067017,0.23051218623295427,16,1,0.7,RNN
14,4,0,0.7160168536007404,0.7115779332816601,16,1,0.7,RNN
14,4,1,0.316415910422802,0.26450231214985254,16,1,0.7,RNN
14,4,2,0.2921970967203379,0.24562568543478847,16,1,0.7,RNN
14,4,3,0.2830355457961559,0.2447941937483847,16,1,0.7,RNN
14,5,0,0.6205382423475385,0.6239859292452986,16,1,0.7,RNN
14,5,1,0.3078520357608795,0.297196774574166,16,1,0.7,RNN
14,5,2,0.2853703685104847,0.2586998823522167,16,1,0.7,RNN
14,6,0,0.7036501448601484,0.700019279664213,16,1,0.7,RNN
14,6,1,0.31177373677492143,0.2911766547371041,16,1,0.7,RNN
