Subject,Method,Accuracy,Precision,Recall,F1 Score,Fold
subject90002718,Sadeh,0.8446969696969697,0.8732824427480916,0.934640522875817,0.9029202841357538,0
subject90002718,Cole-Kripke,0.803030303030303,0.8238636363636364,0.9477124183006536,0.8814589665653495,0
subject90003012,Sadeh,0.8838782412626832,0.7976190476190477,0.9975186104218362,0.886438809261301,0
subject90003012,Cole-Kripke,0.7936865839909808,0.6877133105802048,1.0,0.8149646107178969,0
subject90003214,Sadeh,0.8388278388278388,0.8233532934131736,0.975177304964539,0.8928571428571429,0
subject90003214,Cole-Kripke,0.7680097680097681,0.7533875338753387,0.9858156028368794,0.8540706605222733,0
subject90005620,Sadeh,0.5050505050505051,0.4665991902834008,0.9746300211416491,0.6310746064339494,0
subject90005620,Cole-Kripke,0.465564738292011,0.44764649375600385,0.985200845665962,0.6155878467635403,0
subject90007622,Sadeh,0.9083503054989817,0.8064516129032258,0.9831460674157303,0.8860759493670886,0
subject90007622,Cole-Kripke,0.8105906313645621,0.6597744360902256,0.9859550561797753,0.7905405405405406,0
subject90010616,Sadeh,0.75,0.6428571428571429,0.9642857142857143,0.7714285714285715,0
subject90010616,Cole-Kripke,0.6397058823529411,0.5498812351543944,0.9726890756302521,0.7025796661608499,0
subject90010717,Sadeh,0.8731343283582089,0.8016701461377871,0.9820971867007673,0.8827586206896552,0
subject90010717,Cole-Kripke,0.7151741293532339,0.6336633663366337,0.9820971867007673,0.7703109327983952,0
subject90011415,Sadeh,0.6467065868263473,0.5452196382428941,0.9952830188679245,0.7045075125208681,0
subject90011415,Cole-Kripke,0.5,0.4582881906825569,0.9976415094339622,0.6280623608017817,0
subject90012012,Sadeh,0.8188874514877102,0.7607476635514019,0.9713603818615751,0.8532494758909852,0
subject90012012,Cole-Kripke,0.7270375161707633,0.6672025723472669,0.9904534606205251,0.7973102785782902,0
subject90013316,Sadeh,0.8892773892773893,0.847682119205298,0.9941747572815534,0.9151027703306522,0
subject90013316,Cole-Kripke,0.8578088578088578,0.8084772370486656,1.0,0.8940972222222222,0
subject90016420,Sadeh,0.6552552552552553,0.4301507537688442,0.9839080459770115,0.5986013986013985,0
subject90016420,Cole-Kripke,0.5855855855855856,0.38565022421524664,0.9885057471264368,0.5548387096774193,0
subject90020213,Sadeh,0.8063112078346029,0.7225705329153606,0.9978354978354979,0.8381818181818181,0
subject90020213,Cole-Kripke,0.7693144722524483,0.685459940652819,1.0,0.8133802816901409,0
subject90024621,Sadeh,0.8613138686131386,0.7650085763293311,0.9674620390455532,0.8544061302681993,0
subject90024621,Cole-Kripke,0.7198905109489051,0.6021220159151194,0.9848156182212582,0.7473251028806586,0
subject90025925,Sadeh,0.6333052985702271,0.4833729216152019,0.9975490196078431,0.6512,0
subject90025925,Cole-Kripke,0.5407905803195963,0.4275210084033613,0.9975490196078431,0.5985294117647059,0
subject90027119,Sadeh,0.7121212121212122,0.5606694560669456,0.9804878048780488,0.7133984028393966,0
subject90027119,Cole-Kripke,0.6648841354723708,0.5217391304347826,0.9951219512195122,0.6845637583892618,0
subject90032620,Sadeh,0.8259887005649718,0.7583774250440917,0.9619686800894854,0.8481262327416172,0
subject90032620,Cole-Kripke,0.7706214689265537,0.6912225705329154,0.9865771812080537,0.8129032258064516,0
subject90034319,Sadeh,0.7998204667863554,0.7005420054200542,0.9961464354527938,0.8225934765314239,0
subject90034319,Cole-Kripke,0.6436265709156194,0.5665938864628821,1.0,0.7233449477351916,0
subject90035219,Sadeh,0.7815344603381015,0.7014652014652014,0.9871134020618557,0.8201284796573876,0
subject90035219,Cole-Kripke,0.682704811443433,0.6142857142857143,0.9974226804123711,0.7603143418467584,0
subject90037827,Sadeh,0.8573059360730594,0.8214285714285714,0.9602385685884692,0.8854262144821264,0
subject90037827,Cole-Kripke,0.83675799086758,0.7922077922077922,0.9701789264413518,0.8722073279714031,0
subject90045119,Sadeh,0.7534562211981567,0.70995670995671,0.9742574257425742,0.8213689482470785,0
subject90045119,Cole-Kripke,0.7050691244239631,0.6693877551020408,0.9742574257425742,0.7935483870967741,0
subject90048425,Sadeh,0.7892335766423357,0.6925329428989752,0.9574898785425101,0.8037383177570094,0
subject90048425,Cole-Kripke,0.7071167883211679,0.6088050314465409,0.979757085020243,0.7509697439875873,0
subject90050418,Sadeh,0.8232104121475055,0.725,0.9783132530120482,0.8328205128205127,0
subject90050418,Cole-Kripke,0.6247288503253796,0.5456953642384106,0.9927710843373494,0.7042735042735042,0
subject90050620,Sadeh,0.6041131105398457,0.5557432432432432,0.8796791443850267,0.681159420289855,0
subject90050620,Cole-Kripke,0.6118251928020566,0.5552147239263804,0.9679144385026738,0.7056530214424951,0
subject90056929,Sadeh,0.7970297029702971,0.7161904761904762,0.9616368286445013,0.8209606986899564,0
subject90056929,Cole-Kripke,0.7004950495049505,0.6195826645264848,0.9872122762148338,0.7613412228796844,0
subject90057223,Sadeh,0.700888450148075,0.6273972602739726,0.9366053169734151,0.7514356029532404,0
subject90057223,Cole-Kripke,0.629812438302073,0.5695121951219512,0.9550102249488752,0.7135217723453017,0
subject90058022,Sadeh,0.7937743190661478,0.7868080094228505,0.9556509298998569,0.8630490956072352,0
subject90058022,Cole-Kripke,0.7013618677042801,0.7004089979550102,0.9799713876967096,0.8169350029815146,0
subject90059427,Sadeh,0.88,0.838475499092559,0.9850746268656716,0.9058823529411766,0
subject90059427,Cole-Kripke,0.83125,0.7811447811447811,0.9893390191897654,0.8730009407337723,0
subject90067325,Sadeh,0.6561904761904762,0.4950213371266003,0.9830508474576272,0.6584673604541155,0
subject90067325,Cole-Kripke,0.5342857142857143,0.4195470798569726,0.9943502824858758,0.5901089689857502,0
subject90069630,Sadeh,0.7831541218637993,0.6872536136662286,0.9924098671726755,0.812111801242236,0
subject90069630,Cole-Kripke,0.6702508960573477,0.5890257558790594,0.9981024667931688,0.7408450704225352,0
subject90073928,Sadeh,0.7839922854387656,0.6948640483383686,0.9543568464730291,0.8041958041958043,0
subject90073928,Cole-Kripke,0.7010607521697203,0.612565445026178,0.970954356846473,0.7512038523274478,0
subject90074424,Sadeh,0.6097285067873304,0.5344352617079889,0.9822784810126582,0.6922390722569134,0
subject90074424,Cole-Kripke,0.5339366515837104,0.4893882646691635,0.9924050632911392,0.6555183946488294,0
subject90079227,Sadeh,0.8253692441355344,0.7392996108949417,1.0,0.8501118568232663,0
subject90079227,Cole-Kripke,0.7141615986099045,0.6340378197997776,1.0,0.7760381211708646,0
subject90082019,Sadeh,0.7400581959262852,0.5760135135135135,0.952513966480447,0.7178947368421051,0
subject90082019,Cole-Kripke,0.6818622696411252,0.5221238938053098,0.9888268156424581,0.6833976833976834,0
subject90082120,Sadeh,0.8710493046776233,0.8021978021978022,0.9681697612732095,0.8774038461538461,0
subject90082120,Cole-Kripke,0.7787610619469026,0.690566037735849,0.9708222811671088,0.807056229327453,0
subject90082221,Sadeh,0.8,0.7237026647966339,0.9866156787762906,0.8349514563106796,0
subject90082221,Cole-Kripke,0.746078431372549,0.6696658097686375,0.9961759082217974,0.8009223674096848,0
subject90083424,Sadeh,0.7533742331288343,0.6278625954198473,0.982089552238806,0.7660069848661234,0
subject90083424,Cole-Kripke,0.6723926380368098,0.5570469798657718,0.991044776119403,0.7132116004296455,0
subject90086831,Sadeh,0.794973544973545,0.7696879643387816,1.0,0.8698572628043661,0
subject90086831,Cole-Kripke,0.7513227513227513,0.7337110481586402,1.0,0.8464052287581699,0
subject90091423,Sadeh,0.6112759643916914,0.5500575373993095,0.9958333333333333,0.7086730911786508,0
subject90091423,Cole-Kripke,0.5736894164193868,0.5270121278941565,0.9958333333333333,0.6892573900504687,0
subject90091625,Sadeh,0.920814479638009,0.8981481481481481,0.97,0.9326923076923077,0
subject90091625,Cole-Kripke,0.8868778280542986,0.8344481605351171,0.998,0.9089253187613843,0
subject90092525,Sadeh,0.8259303721488596,0.7792869269949066,0.9683544303797469,0.863593603010348,0
subject90092525,Cole-Kripke,0.8127250900360145,0.7598039215686274,0.9810126582278481,0.856353591160221,0
subject90093021,Sadeh,0.6672794117647058,0.5674653215636822,0.9594882729211087,0.7131537242472267,0
subject90093021,Cole-Kripke,0.5606617647058824,0.495114006514658,0.9722814498933902,0.6561151079136691,0
subject90093122,Sadeh,0.6685552407932012,0.5911330049261084,0.9619238476953907,0.7322654462242563,0
subject90093122,Cole-Kripke,0.6166194523135033,0.5525423728813559,0.9799599198396793,0.7066473988439306,0
subject90097732,Sadeh,0.7966963151207116,0.7131782945736435,0.968421052631579,0.8214285714285715,0
subject90097732,Cole-Kripke,0.7064803049555273,0.6223316912972086,0.9973684210526316,0.7664307381193124,0
subject90097833,Sadeh,0.7030784508440914,0.6489226869455006,0.9588014981273408,0.7739984882842025,0
subject90097833,Cole-Kripke,0.6117179741807348,0.5781420765027322,0.9906367041198502,0.7301587301587301,0
subject90100212,Sadeh,0.7164319248826291,0.6333754740834386,0.9766081871345029,0.7684049079754601,0
subject90100212,Cole-Kripke,0.6394366197183099,0.5722284434490481,0.9961013645224172,0.7268847795163584,0
subject90100818,Sadeh,0.8491879350348028,0.7863720073664825,0.9682539682539683,0.8678861788617886,1
subject90100818,Cole-Kripke,0.7842227378190255,0.706645056726094,0.9886621315192744,0.8241965973534972,1
subject90101819,Sadeh,0.6978978978978979,0.5099403578528827,0.9808795411089866,0.6710268149117069,1
subject90101819,Cole-Kripke,0.5885885885885885,0.43272425249169433,0.9961759082217974,0.603358425014476,1
subject90105722,Sadeh,0.9275510204081633,0.9096774193548387,0.9358407079646017,0.9225736095965102,1
subject90105722,Cole-Kripke,0.8948979591836734,0.8261682242990654,0.9778761061946902,0.8956433637284702,1
subject90108927,Sadeh,0.8590544157002676,0.738819320214669,0.971764705882353,0.839430894308943,1
subject90108927,Cole-Kripke,0.7430865298840321,0.5971631205673759,0.9905882352941177,0.7451327433628319,1
subject90110314,Sadeh,0.8344283837056504,0.7810650887573964,0.9635036496350365,0.8627450980392157,1
subject90110314,Cole-Kripke,0.7792378449408672,0.7150442477876107,0.9829683698296837,0.8278688524590163,1
subject90110920,Sadeh,0.7421686746987952,0.6853035143769968,0.9618834080717489,0.8003731343283582,1
subject90110920,Cole-Kripke,0.6939759036144578,0.6445783132530121,0.9596412556053812,0.7711711711711711,1
subject90115824,Sadeh,0.8189216683621566,0.731629392971246,0.9786324786324786,0.8372943327239488,1
subject90115824,Cole-Kripke,0.7141403865717192,0.6272108843537415,0.9850427350427351,0.7664172901080631,1
subject90120719,Sadeh,0.7135135135135136,0.4203480589022758,0.8770949720670391,0.5683257918552036,1
subject90120719,Cole-Kripke,0.6018018018018018,0.34196891191709844,0.9217877094972067,0.49886621315192736,1
subject90121316,Sadeh,0.5356828193832599,0.42981501632208924,0.992462311557789,0.5998481397114654,1
subject90121316,Cole-Kripke,0.5013215859030837,0.4126819126819127,0.9974874371859297,0.5838235294117646,1
subject90121821,Sadeh,0.7615615615615615,0.5618811881188119,0.9134808853118712,0.6957854406130268,1
subject90121821,Cole-Kripke,0.6486486486486487,0.4576107899807322,0.9557344064386318,0.6188925081433225,1
subject90122317,Sadeh,0.6645454545454546,0.5559701492537313,0.9738562091503268,0.7078384798099763,1
subject90122317,Cole-Kripke,0.5963636363636363,0.5083986562150056,0.9891067538126361,0.6715976331360946,1
subject90126624,Sadeh,0.9146567717996289,0.8088235294117647,0.9974093264248705,0.8932714617169373,1
subject90126624,Cole-Kripke,0.7810760667903525,0.6205787781350482,1.0,0.7658730158730159,1
subject90127322,Sadeh,0.8665395614871306,0.7955326460481099,0.9566115702479339,0.8686679174484053,1
subject90127322,Cole-Kripke,0.7702573879885606,0.6718528995756718,0.981404958677686,0.797649034424853,1
subject90131923,Sadeh,0.8420123565754634,0.747093023255814,0.9903660886319846,0.8516984258492131,1
subject90131923,Cole-Kripke,0.7255075022065314,0.6265206812652068,0.9922928709055877,0.768083519761372,1
subject90137323,Sadeh,0.6555269922879178,0.6172465960665658,0.9645390070921985,0.7527675276752769,1
subject90137323,Cole-Kripke,0.6233933161953727,0.5928571428571429,0.9810874704491725,0.7390917186108638,1
subject90138627,Sadeh,0.9271781534460338,0.9611992945326279,0.9412780656303973,0.9511343804537522,1
subject90138627,Cole-Kripke,0.9154746423927178,0.921311475409836,0.9706390328151986,0.9453322119428091,1
subject90139729,Sadeh,0.7636566332218506,0.6792452830188679,0.9818181818181818,0.8029739776951672,1
subject90139729,Cole-Kripke,0.7068004459308808,0.6269727403156384,0.9931818181818182,0.7686895338610378,1
subject90139830,Sadeh,0.7363977485928705,0.6491994177583698,0.9176954732510288,0.7604433077578857,1
subject90139830,Cole-Kripke,0.6425891181988743,0.5637910085054678,0.9547325102880658,0.7089381207028267,1
subject90139931,Sadeh,0.717683557394002,0.6238938053097345,0.9591836734693877,0.7560321715817694,1
subject90139931,Cole-Kripke,0.6825232678386763,0.5902964959568733,0.9931972789115646,0.7404902789518174,1
subject90142521,Sadeh,0.8350970017636684,0.6893542757417103,0.9777227722772277,0.8085977482088024,1
subject90142521,Cole-Kripke,0.7310405643738977,0.57001414427157,0.9975247524752475,0.7254725472547255,1
subject90146121,Sadeh,0.8581818181818182,0.8303249097472925,0.9523809523809523,0.8871745419479268,1
subject90146121,Cole-Kripke,0.7127272727272728,0.6767241379310345,0.9751552795031055,0.7989821882951654,1
subject90147930,Sadeh,0.6393229166666666,0.5738007380073801,0.8711484593837535,0.6918798665183538,1
subject90147930,Cole-Kripke,0.62109375,0.5535714285714286,0.9551820728291317,0.7009249743062693,1
subject90148426,Sadeh,0.793010752688172,0.7889688249400479,0.9228611500701263,0.8506787330316743,1
subject90148426,Cole-Kripke,0.753584229390681,0.7305263157894737,0.9733520336605891,0.8346361996392062,1
subject90151521,Sadeh,0.6928020565552699,0.618421052631579,0.9817232375979112,0.75882946518668,1
subject90151521,Cole-Kripke,0.6619537275064268,0.5934579439252337,0.9947780678851175,0.7434146341463415,1
subject90151824,Sadeh,0.7058125741399762,0.5922165820642978,0.9803921568627451,0.7383966244725739,1
subject90151824,Cole-Kripke,0.6524317912218268,0.5496894409937888,0.9915966386554622,0.7072927072927073,1
subject90155020,Sadeh,0.7571428571428571,0.6725043782837128,1.0,0.8041884816753927,1
subject90155020,Cole-Kripke,0.6155844155844156,0.5647058823529412,1.0,0.7218045112781954,1
subject90158831,Sadeh,0.9457547169811321,0.9172661870503597,1.0,0.9568480300187616,1
subject90158831,Cole-Kripke,0.847877358490566,0.7981220657276995,1.0,0.8877284595300261,1
subject90159731,Sadeh,0.6906906906906907,0.4722222222222222,0.9956616052060737,0.6406140963014655,1
subject90159731,Cole-Kripke,0.5459459459459459,0.3781998348472337,0.9934924078091106,0.5478468899521531,1
subject90162220,Sadeh,0.8466494845360825,0.7923809523809524,0.9765258215962441,0.8748685594111462,1
subject90162220,Cole-Kripke,0.770618556701031,0.7087542087542088,0.9882629107981221,0.8254901960784314,1
subject90164020,Sadeh,0.7189655172413794,0.546742209631728,0.9846938775510204,0.7030965391621129,1
subject90164020,Cole-Kripke,0.6758620689655173,0.5105540897097626,0.9872448979591837,0.6730434782608696,1
subject90165728,Sadeh,0.8412863070539419,0.7061503416856492,0.9281437125748503,0.8020698576972833,1
subject90165728,Cole-Kripke,0.7977178423236515,0.6387225548902196,0.9580838323353293,0.7664670658682634,1
subject90168832,Sadeh,0.685069008782936,0.5808695652173913,0.9709302325581395,0.7268770402611534,1
subject90168832,Cole-Kripke,0.6348808030112923,0.5426731078904992,0.9796511627906976,0.6984455958549223,1
subject90169227,Sadeh,0.896640826873385,0.9283536585365854,0.9485981308411215,0.9383667180277351,1
subject90169227,Cole-Kripke,0.900516795865633,0.9076479076479076,0.9797507788161994,0.9423220973782772,1
subject90169429,Sadeh,0.8965724594107035,0.8166877370417194,0.9598811292719168,0.8825136612021859,1
subject90169429,Cole-Kripke,0.7895369813589898,0.6626384692849949,0.9777117384843982,0.7899159663865546,1
subject90172019,Sadeh,0.7612903225806451,0.6710280373831776,0.9755434782608695,0.7951273532668881,1
subject90172019,Cole-Kripke,0.7316129032258064,0.6398601398601399,0.9945652173913043,0.7787234042553192,1
subject90177327,Sadeh,0.8162583518930958,0.757679180887372,0.9507494646680942,0.8433048433048432,1
subject90177327,Cole-Kripke,0.7728285077951003,0.7057902973395931,0.9657387580299786,0.8155515370705244,1
subject90179632,Sadeh,0.9015240328253223,0.8786231884057971,0.9661354581673307,0.9203036053130931,1
subject90179632,Cole-Kripke,0.8698710433763188,0.8274706867671692,0.9840637450199203,0.8989990900818926,1
subject90181726,Sadeh,0.5531135531135531,0.486646884272997,0.9425287356321839,0.6418786692759295,1
subject90181726,Cole-Kripke,0.5103785103785103,0.4637482900136799,0.9741379310344828,0.6283595922150139,1
subject90182929,Sadeh,0.7644836272040302,0.7019400352733686,0.9567307692307693,0.8097660223804679,1
subject90182929,Cole-Kripke,0.6964735516372796,0.6356589147286822,0.9855769230769231,0.7728557964184731,1
subject90185023,Sadeh,0.7430806257521059,0.5317919075144508,0.9543568464730291,0.6829992576095025,1
subject90185023,Cole-Kripke,0.6161251504211793,0.42921960072595283,0.9813278008298755,0.5972222222222222,1
subject90186327,Sadeh,0.7302325581395349,0.616710875331565,0.9978540772532188,0.7622950819672131,1
subject90186327,Cole-Kripke,0.5627906976744186,0.49786324786324787,1.0,0.6647646219686163,1
subject90186529,Sadeh,0.9182058047493403,0.8679653679653679,0.9975124378109452,0.9282407407407408,1
subject90186529,Cole-Kripke,0.7757255936675461,0.7027972027972028,1.0,0.8254620123203285,1
subject90186933,Sadeh,0.7,0.5744089012517385,0.9582366589327146,0.7182608695652174,1
subject90186933,Cole-Kripke,0.6453703703703704,0.5305343511450382,0.9675174013921114,0.685291700903862,1
subject90187631,Sadeh,0.7831439393939394,0.590339892665474,1.0,0.7424071991001124,1
subject90187631,Cole-Kripke,0.6335227272727273,0.4602510460251046,1.0,0.6303724928366762,1
subject90188632,Sadeh,0.6293018682399213,0.517948717948718,0.9975308641975309,0.6818565400843882,1
subject90188632,Cole-Kripke,0.4886922320550639,0.43783783783783786,1.0,0.6090225563909775,1
subject90189330,Sadeh,0.8936170212765957,0.8576576576576577,0.9774127310061602,0.9136276391554703,2
subject90189330,Cole-Kripke,0.8416075650118203,0.7898193760262726,0.9876796714579056,0.8777372262773723,2
subject90191525,Sadeh,0.7587096774193548,0.7189189189189189,0.9279069767441861,0.8101522842639594,2
subject90191525,Cole-Kripke,0.6709677419354839,0.6386687797147385,0.9372093023255814,0.7596606974552309,2
subject90191626,Sadeh,0.6545924967658473,0.6067073170731707,0.9778869778869779,0.748824082784572,2
subject90191626,Cole-Kripke,0.6183699870633894,0.5804597701149425,0.9926289926289926,0.7325475974614687,2
subject90197531,Sadeh,0.8299632352941176,0.7612612612612613,0.9512195121951219,0.8457047539616347,2
subject90197531,Cole-Kripke,0.7261029411764706,0.6445264452644527,0.9831144465290806,0.7786032689450223,2
subject90198027,Sadeh,0.737,0.671875,0.9791271347248577,0.7969111969111969,2
subject90198027,Cole-Kripke,0.647,0.6004618937644342,0.9867172675521821,0.7465900933237616,2
subject90199735,Sadeh,0.8201701093560145,0.7980456026058632,0.953307392996109,0.8687943262411348,2
subject90199735,Cole-Kripke,0.7739975698663426,0.7477341389728097,0.9630350194552529,0.8418367346938775,2
subject90199836,Sadeh,0.7667071688942891,0.7112299465240641,0.9300699300699301,0.8060606060606059,2
subject90199836,Cole-Kripke,0.707168894289186,0.6501597444089456,0.9487179487179487,0.771563981042654,2
subject90200213,Sadeh,0.7335092348284961,0.6688851913477537,0.9925925925925926,0.7992047713717693,2
subject90200213,Cole-Kripke,0.6662269129287599,0.6162079510703364,0.9950617283950617,0.7610953729933899,2
subject90202013,Sadeh,0.7833935018050542,0.6189655172413793,0.9497354497354498,0.7494780793319414,2
subject90202013,Cole-Kripke,0.6976534296028881,0.5312046444121916,0.9682539682539683,0.6860356138706656,2
subject90202821,Sadeh,0.9654850746268657,0.9524714828897338,0.9766081871345029,0.9643888354186717,2
subject90202821,Cole-Kripke,0.9505597014925373,0.9136690647482014,0.9902534113060428,0.950420954162769,2
subject90204116,Sadeh,0.8715083798882681,0.7924217462932455,0.9756592292089249,0.8745454545454545,2
subject90204116,Cole-Kripke,0.7439478584729982,0.6434210526315789,0.9918864097363083,0.7805267358339983,2
subject90204520,Sadeh,0.693359375,0.53003003003003,0.9971751412429378,0.6921568627450981,2
subject90204520,Cole-Kripke,0.607421875,0.46825396825396826,1.0,0.6378378378378378,2
subject90205824,Sadeh,0.7681432610744581,0.6802096985583224,0.9961612284069098,0.8084112149532711,2
subject90205824,Cole-Kripke,0.7106503298774741,0.6292270531400966,1.0,0.7724240177909564,2
subject90208928,Sadeh,0.5965123271196633,0.428694900605013,0.9802371541501976,0.5965123271196633,2
subject90208928,Cole-Kripke,0.5075165363800361,0.3802601377199694,0.9822134387351779,0.5482625482625484,2
subject90212317,Sadeh,0.9041420118343195,0.8765432098765432,0.9530201342281879,0.9131832797427651,2
subject90212317,Cole-Kripke,0.8733727810650888,0.8183520599250936,0.9776286353467561,0.8909276248725789,2
subject90212418,Sadeh,0.7927927927927928,0.5608108108108109,0.9540229885057471,0.7063829787234043,2
subject90212418,Cole-Kripke,0.7033033033033033,0.46817691477885653,0.9977011494252873,0.6372980910425845,2
subject90213318,Sadeh,0.6432432432432432,0.5369018653690186,0.9664233576642336,0.6903023983315955,2
subject90213318,Cole-Kripke,0.5285285285285285,0.46584699453551914,0.9956204379562044,0.6347138203815728,2
subject90214723,Sadeh,0.8127490039840638,0.7019543973941368,0.9885321100917431,0.820952380952381,2
subject90214723,Cole-Kripke,0.796812749003984,0.6841269841269841,0.9885321100917431,0.8086303939962477,2
subject90217322,Sadeh,0.7986314760508308,0.704647676161919,0.9812108559498957,0.8202443280977312,2
subject90217322,Cole-Kripke,0.7116324535679375,0.6191709844559585,0.9979123173277662,0.7641886490807354,2
subject90218323,Sadeh,0.5931372549019608,0.5037974683544304,0.9453681710213777,0.657308009909166,2
subject90218323,Cole-Kripke,0.49019607843137253,0.4464864864864865,0.9809976247030879,0.613670133729569,2
subject90222419,Sadeh,0.6930930930930931,0.46938775510204084,0.9625550660792952,0.6310469314079422,2
subject90222419,Cole-Kripke,0.5519519519519519,0.376271186440678,0.9779735682819384,0.5434516523867808,2
subject90225826,Sadeh,0.7195496417604913,0.5837173579109063,0.9921671018276762,0.7350096711798838,2
subject90225826,Cole-Kripke,0.5772773797338793,0.4811083123425693,0.9973890339425587,0.64910790144435,2
subject90232016,Sadeh,0.7748756218905473,0.7203125,0.9956803455723542,0.8359020852221214,2
subject90232016,Cole-Kripke,0.681592039800995,0.6439499304589708,1.0,0.7834179357021995,2
subject90232824,Sadeh,0.9330708661417323,0.941747572815534,0.9349397590361446,0.9383313180169287,2
subject90232824,Cole-Kripke,0.7847769028871391,0.7294332723948812,0.9614457831325302,0.8295218295218295,2
subject90232925,Sadeh,0.9525691699604744,0.9429590017825312,0.9924953095684803,0.9670932358318098,2
subject90232925,Cole-Kripke,0.9235836627140975,0.9032258064516129,0.99812382739212,0.9483065953654188,2
subject90234725,Sadeh,0.7127659574468085,0.5803571428571429,0.975975975975976,0.7278835386338186,2
subject90234725,Cole-Kripke,0.6382978723404256,0.521259842519685,0.993993993993994,0.6838842975206612,2
subject90237122,Sadeh,0.8238123872519543,0.6523297491039427,0.9963503649635036,0.788447653429603,2
subject90237122,Cole-Kripke,0.6987372218881539,0.5224450811843362,0.9981751824817519,0.6858934169278996,2
subject90237728,Sadeh,0.7712287712287712,0.6978723404255319,0.968503937007874,0.8112118713932399,2
subject90237728,Cole-Kripke,0.7292707292707292,0.6549019607843137,0.9862204724409449,0.7871170463472115,2
subject90239124,Sadeh,0.7174571140262361,0.5993537964458805,0.9205955334987593,0.7260273972602741,2
subject90239124,Cole-Kripke,0.5802219979818365,0.4918851435705368,0.9776674937965261,0.654485049833887,2
subject90242017,Sadeh,0.5621621621621622,0.3494967978042086,0.955,0.5117213663764233,2
subject90242017,Cole-Kripke,0.4810810810810811,0.3135048231511254,0.975,0.4744525547445255,2
subject90243321,Sadeh,0.8032220943613348,0.7099236641221374,0.9514066496163683,0.8131147540983606,2
subject90243321,Cole-Kripke,0.7111622554660529,0.609717868338558,0.9948849104859335,0.7560738581146744,2
subject90243523,Sadeh,0.3875,0.3203342618384401,0.9913793103448276,0.4842105263157894,2
subject90243523,Cole-Kripke,0.31,0.29565772669220947,0.9978448275862069,0.4561576354679804,2
subject90244221,Sadeh,0.677496991576414,0.504233301975541,0.9834862385321101,0.6666666666666667,2
subject90244221,Cole-Kripke,0.4963898916967509,0.3931185944363104,0.9853211009174312,0.5620094191522763,2
subject90246021,Sadeh,0.7847157502329916,0.7201166180758017,0.926829268292683,0.8105004101722724,2
subject90246021,Cole-Kripke,0.7287977632805219,0.6516290726817042,0.975609756097561,0.7813673929376408,2
subject90246223,Sadeh,0.9468479604449939,0.9917864476386037,0.9252873563218391,0.9573835480673935,2
subject90246223,Cole-Kripke,0.9283065512978986,0.9360902255639098,0.9540229885057471,0.9449715370018975,2
subject90246728,Sadeh,0.6831566548881036,0.6263888888888889,1.0,0.7702818104184458,2
subject90246728,Cole-Kripke,0.6537102473498233,0.6053691275167785,1.0,0.7541806020066889,2
subject90248326,Sadeh,0.8787610619469026,0.7910714285714285,0.9568034557235421,0.8660801564027371,2
subject90248326,Cole-Kripke,0.7982300884955752,0.6766917293233082,0.9719222462203023,0.7978723404255319,2
subject90249024,Sadeh,0.6924924924924925,0.49634273772204807,0.9405940594059405,0.6497948016415869,2
subject90249024,Cole-Kripke,0.621021021021021,0.44395017793594305,0.9881188118811881,0.612645794966237,2
subject90251017,Sadeh,0.6796296296296296,0.5396341463414634,0.8894472361809045,0.6717267552182163,2
subject90251017,Cole-Kripke,0.6231481481481481,0.49411764705882355,0.949748743718593,0.650042992261393,2
subject90251623,Sadeh,0.8051341890315052,0.7277397260273972,0.9815242494226328,0.8357915437561455,2
subject90251623,Cole-Kripke,0.7129521586931156,0.6377025036818851,1.0,0.7787769784172661,2
subject90253423,Sadeh,0.7384007897334649,0.6528925619834711,0.973305954825462,0.7815333882934874,2
subject90253423,Cole-Kripke,0.6771964461994077,0.6015228426395939,0.973305954825462,0.7435294117647059,2
subject90255223,Sadeh,0.75,0.65,0.959731543624161,0.7750677506775067,2
subject90255223,Cole-Kripke,0.678714859437751,0.5850066934404283,0.9776286353467561,0.7319932998324957,2
subject90258630,Sadeh,0.7661290322580645,0.6924315619967794,0.9728506787330317,0.8090310442144872,2
subject90258630,Cole-Kripke,0.6682027649769585,0.6081460674157303,0.9796380090497737,0.7504332755632581,2
subject90259429,Sadeh,0.928709055876686,0.8502024291497976,1.0,0.9190371991247265,2
subject90259429,Cole-Kripke,0.8680154142581888,0.7540394973070018,1.0,0.8597748208802456,2
subject90264425,Sadeh,0.8286674132138858,0.7621621621621621,0.9527027027027027,0.8468468468468467,2
subject90264425,Cole-Kripke,0.7581187010078387,0.6770186335403726,0.9819819819819819,0.801470588235294,2
subject90266932,Sadeh,0.8680947012401353,0.7782258064516129,0.9821882951653944,0.8683914510686164,3
subject90266932,Cole-Kripke,0.790304396843292,0.6831858407079646,0.9821882951653944,0.8058455114822547,3
subject90267933,Sadeh,0.6925098554533509,0.6127946127946128,0.9891304347826086,0.7567567567567568,3
subject90267933,Cole-Kripke,0.6084099868593955,0.552710843373494,0.9972826086956522,0.7112403100775193,3
subject90271726,Sadeh,0.7665330661322646,0.6772793053545586,0.9790794979079498,0.8006843455945252,3
subject90271726,Cole-Kripke,0.7214428857715431,0.6329787234042553,0.99581589958159,0.7739837398373984,3
subject90278733,Sadeh,0.8367609254498715,0.7579617834394905,0.9648648648648649,0.8489892984542211,3
subject90278733,Cole-Kripke,0.7210796915167095,0.6325823223570191,0.9864864864864865,0.7708553326293559,3
subject90279027,Sadeh,0.6366366366366366,0.4961306964746346,0.9681208053691275,0.6560545764639,3
subject90279027,Cole-Kripke,0.5423423423423424,0.43796711509715996,0.9832214765100671,0.6059979317476732,3
subject90285933,Sadeh,0.9286608260325406,0.9254545454545454,0.9695238095238096,0.9469767441860465,3
subject90285933,Cole-Kripke,0.8322903629536921,0.8049921996879875,0.9828571428571429,0.8850771869639794,3
subject90286025,Sadeh,0.5400801603206413,0.49502487562189057,0.8824833702882483,0.6342629482071713,3
subject90286025,Cole-Kripke,0.5180360721442886,0.4827586206896552,0.9312638580931264,0.6358819076457229,3
subject90287935,Sadeh,0.5904306220095694,0.5793184488836662,0.8756660746003553,0.6973125884016973,3
subject90287935,Cole-Kripke,0.5511961722488038,0.5498938428874734,0.9200710479573713,0.6883720930232557,3
subject90288532,Sadeh,0.788135593220339,0.7167300380228137,0.9354838709677419,0.8116254036598494,3
subject90288532,Cole-Kripke,0.7203389830508474,0.6396103896103896,0.9776674937965261,0.7733071638861629,3
subject90294226,Sadeh,0.7366447985004686,0.5648,0.9751381215469613,0.7152988855116515,3
subject90294226,Cole-Kripke,0.5688847235238987,0.4400977995110024,0.994475138121547,0.6101694915254237,3
subject90299837,Sadeh,0.8813559322033898,0.8421955403087479,0.9742063492063492,0.9034038638454462,3
subject90299837,Cole-Kripke,0.7785310734463277,0.7244897959183674,0.9861111111111112,0.8352941176470589,3
subject90301316,Sadeh,0.761012183692596,0.6976439790575916,0.9569120287253142,0.8069644208932626,3
subject90301316,Cole-Kripke,0.7085285848172446,0.6443661971830986,0.9856373429084381,0.7792760823278921,3
subject90301821,Sadeh,0.7196428571428571,0.6415525114155252,1.0,0.7816411682892908,3
subject90301821,Cole-Kripke,0.6848214285714286,0.614207650273224,1.0,0.7610020311442112,3
subject90302822,Sadeh,0.6903153153153153,0.6814449917898193,0.8366935483870968,0.7511312217194569,3
subject90302822,Cole-Kripke,0.7331081081081081,0.6935724962630793,0.9354838709677419,0.7965665236051502,3
subject90304521,Sadeh,0.7298624754420432,0.6033434650455927,0.9659367396593674,0.7427502338634238,3
subject90304521,Cole-Kripke,0.6738703339882122,0.5544827586206896,0.9781021897810219,0.7077464788732395,3
subject90304925,Sadeh,0.5568627450980392,0.4341279799247177,0.9971181556195965,0.6048951048951048,3
subject90304925,Cole-Kripke,0.4372549019607843,0.3764961915125136,0.9971181556195965,0.5466034755134281,3
subject90305017,Sadeh,0.6461961503208066,0.5668571428571428,0.9860834990059643,0.7198838896952104,3
subject90305017,Cole-Kripke,0.5792850595783685,0.5230607966457023,0.9920477137176938,0.6849691146190802,3
subject90312015,Sadeh,0.7339667458432304,0.5895833333333333,0.9129032258064517,0.7164556962025318,3
subject90312015,Cole-Kripke,0.6330166270783848,0.5008605851979346,0.9387096774193548,0.6531986531986532,3
subject90319123,Sadeh,0.7724750277469479,0.6473684210526316,0.9892761394101877,0.782608695652174,3
subject90319123,Cole-Kripke,0.6481687014428413,0.5409356725146199,0.9919571045576407,0.7000946073793756,3
subject90319224,Sadeh,0.672289156626506,0.4967462039045553,0.8513011152416357,0.6273972602739726,3
subject90319224,Cole-Kripke,0.5831325301204819,0.4329268292682927,0.9237918215613383,0.5895610913404508,3
subject90320923,Sadeh,0.9294990723562152,0.8836065573770492,0.9908088235294118,0.9341421143847487,3
subject90320923,Cole-Kripke,0.8775510204081632,0.8047337278106509,1.0,0.8918032786885245,3
subject90322622,Sadeh,0.8801742919389978,0.8300395256916996,0.9459459459459459,0.8842105263157894,3
subject90322622,Cole-Kripke,0.8191721132897604,0.735593220338983,0.9774774774774775,0.839458413926499,3
subject90323421,Sadeh,0.5881619937694704,0.43089430894308944,0.9389763779527559,0.5907120743034057,3
subject90323421,Cole-Kripke,0.5077881619937694,0.3891509433962264,0.9744094488188977,0.5561797752808989,3
subject90324220,Sadeh,0.9106002554278416,0.8673076923076923,0.9977876106194691,0.9279835390946503,3
subject90324220,Cole-Kripke,0.8237547892720306,0.7661016949152543,1.0,0.8675623800383878,3
subject90325423,Sadeh,0.8365019011406845,0.7582938388625592,0.9619238476953907,0.8480565371024735,3
subject90325423,Cole-Kripke,0.7699619771863118,0.6797202797202797,0.9739478957915831,0.800658978583196,3
subject90326929,Sadeh,0.7848557692307693,0.6341463414634146,0.9787234042553191,0.7696267696267697,3
subject90326929,Cole-Kripke,0.7319711538461539,0.5790987535953979,0.9885433715220949,0.7303506650544136,3
subject90329629,Sadeh,0.7641395908543923,0.6767676767676768,0.9901477832512315,0.804,3
subject90329629,Cole-Kripke,0.6859205776173285,0.6086956521739131,1.0,0.7567567567567568,3
subject90330621,Sadeh,0.8267195767195767,0.7591911764705882,1.0,0.8631138975966561,3
subject90330621,Cole-Kripke,0.708994708994709,0.6524486571879937,1.0,0.7896749521988528,3
subject90331117,Sadeh,0.7324444444444445,0.56752655538695,0.958974358974359,0.7130600571973309,3
subject90331117,Cole-Kripke,0.5973333333333334,0.4620938628158845,0.9846153846153847,0.6289926289926291,3
subject90331319,Sadeh,0.6510510510510511,0.5279399499582986,0.9768518518518519,0.6854358419057932,3
subject90331319,Cole-Kripke,0.5735735735735735,0.4770710059171598,0.9953703703703703,0.645,3
subject90332219,Sadeh,0.835985312117503,0.8365217391304348,0.9232245681381958,0.8777372262773723,3
subject90332219,Cole-Kripke,0.7772337821297429,0.7595712098009189,0.9520153550863724,0.8449744463373084,3
subject90344323,Sadeh,0.609100310237849,0.5072847682119205,0.9845758354755784,0.6695804195804196,3
subject90344323,Cole-Kripke,0.5336091003102379,0.46291866028708134,0.9948586118251928,0.6318367346938775,3
subject90345122,Sadeh,0.7327327327327328,0.5639958376690947,0.954225352112676,0.7089601046435579,3
subject90345122,Cole-Kripke,0.6198198198198198,0.472055030094583,0.9665492957746479,0.634315424610052,3
subject90346426,Sadeh,0.6694995278564684,0.5807692307692308,0.9516806722689075,0.7213375796178345,3
subject90346426,Cole-Kripke,0.5892351274787535,0.5234285714285715,0.9621848739495799,0.6780162842339008,3
subject90346729,Sadeh,0.6994152046783626,0.706959706959707,0.7991718426501035,0.7502429543245871,3
subject90346729,Cole-Kripke,0.6865497076023391,0.6560232220609579,0.9358178053830227,0.7713310580204779,3
subject90348024,Sadeh,0.8972602739726028,0.8340248962655602,0.9757281553398058,0.8993288590604027,3
subject90348024,Cole-Kripke,0.860730593607306,0.7735849056603774,0.9951456310679612,0.8704883227176221,3
subject90356124,Sadeh,0.7022613065326633,0.6208,1.0,0.7660414610069102,3
subject90356124,Cole-Kripke,0.6394472361809045,0.5748148148148148,1.0,0.7300094073377235,3
subject90357327,Sadeh,0.7427772600186393,0.7173366834170855,0.9180064308681672,0.8053596614950636,3
subject90357327,Cole-Kripke,0.7204100652376515,0.6804932735426009,0.9758842443729904,0.8018494055482167,3
subject90359733,Sadeh,0.7185461323392358,0.6011004126547456,0.9732739420935412,0.7431972789115645,3
subject90359733,Cole-Kripke,0.6756756756756757,0.5640050697084917,0.9910913140311804,0.7189014539579967,3
subject90363324,Sadeh,0.769712140175219,0.696113074204947,0.9704433497536946,0.8106995884773662,3
subject90363324,Cole-Kripke,0.6996245306633292,0.6309148264984227,0.9852216748768473,0.7692307692307692,3
subject90363829,Sadeh,0.8326848249027238,0.7915254237288135,0.9873150105708245,0.8786453433678268,3
subject90363829,Cole-Kripke,0.7315175097276264,0.696165191740413,0.9978858350951374,0.8201563857515205,3
subject90364224,Sadeh,0.8772563176895307,0.7216494845360825,0.9702970297029703,0.8277027027027026,3
subject90364224,Cole-Kripke,0.7858002406738869,0.5883748517200474,0.9821782178217822,0.7359050445103859,3
subject90365124,Sadeh,0.5941278065630398,0.4238329238329238,0.9971098265895953,0.5948275862068966,3
subject90365124,Cole-Kripke,0.5284974093264249,0.38764044943820225,0.9971098265895953,0.558252427184466,3
subject90367934,Sadeh,0.6375586854460094,0.5607142857142857,0.9651639344262295,0.7093373493975904,3
subject90367934,Cole-Kripke,0.5408450704225352,0.4994797086368366,0.9836065573770492,0.6625258799171843,3
subject90370322,Sadeh,0.6413110698824984,0.41243523316062175,0.9683698296836983,0.5784883720930233,3
subject90370322,Cole-Kripke,0.5510204081632653,0.36,0.9854014598540146,0.5273437499999999,3
subject90371727,Sadeh,0.7906360424028268,0.6686131386861314,0.9786324786324786,0.7944492627927147,4
subject90371727,Cole-Kripke,0.726148409893993,0.6036745406824147,0.9829059829059829,0.7479674796747966,4
subject90373931,Sadeh,0.7146562905317769,0.6671875,0.9838709677419355,0.7951582867783985,4
subject90373931,Cole-Kripke,0.7042801556420234,0.6579754601226994,0.988479262672811,0.7900552486187845,4
subject90374831,Sadeh,0.8957771787960467,0.7638603696098563,0.9973190348525469,0.8651162790697675,4
subject90374831,Cole-Kripke,0.7825696316262354,0.6068515497553018,0.9973190348525469,0.7545638945233265,4
subject90380121,Sadeh,0.6396396396396397,0.4509232264334305,0.9298597194388778,0.6073298429319371,4
subject90380121,Cole-Kripke,0.5501501501501501,0.397708674304419,0.9739478957915831,0.5647879140034864,4
subject90381930,Sadeh,0.7386503067484662,0.6365248226950354,0.9782016348773842,0.7712137486573576,4
subject90381930,Cole-Kripke,0.5717791411042945,0.5126050420168067,0.997275204359673,0.6771507863089732,4
subject90385732,Sadeh,0.8123138033763655,0.7478386167146974,0.9737335834896811,0.8459657701711492,4
subject90385732,Cole-Kripke,0.7835153922542205,0.7137042062415196,0.9868667917448405,0.8283464566929134,4
subject90387027,Sadeh,0.7803643724696356,0.6689774696707106,0.9368932038834952,0.7805864509605662,4
subject90387027,Cole-Kripke,0.680161943319838,0.5676056338028169,0.9781553398058253,0.7183600713012478,4
subject90389837,Sadeh,0.6918918918918919,0.5115346038114343,0.9514925373134329,0.665362035225049,4
subject90389837,Cole-Kripke,0.6174174174174174,0.4558951965065502,0.9738805970149254,0.6210588935157645,4
subject90391224,Sadeh,0.876555023923445,0.75,0.9698630136986301,0.845878136200717,4
subject90391224,Cole-Kripke,0.7598086124401914,0.5943708609271523,0.9835616438356164,0.7409700722394221,4
subject90392124,Sadeh,0.7753753753753754,0.5416149068322982,0.9886621315192744,0.6998394863563404,4
subject90392124,Cole-Kripke,0.63003003003003,0.4167459562321599,0.9931972789115646,0.5871313672922253,4
subject90396330,Sadeh,0.8986568986568987,0.8253968253968254,0.9837837837837838,0.8976572133168927,4
subject90396330,Cole-Kripke,0.8473748473748474,0.7484787018255578,0.9972972972972973,0.8551564310544612,4
subject90398029,Sadeh,0.8519888991674376,0.8272859216255443,0.9328968903436988,0.8769230769230769,4
subject90398029,Cole-Kripke,0.7742830712303422,0.7279503105590062,0.9590834697217676,0.827683615819209,4
subject90398534,Sadeh,0.7344222625529341,0.5766871165644172,0.9575551782682513,0.7198468410976389,4
subject90398534,Cole-Kripke,0.5898366606170599,0.4642570281124498,0.9813242784380306,0.6303162486368593,4
subject90403622,Sadeh,0.97125,0.9495412844036697,0.9975903614457832,0.972972972972973,4
subject90403622,Cole-Kripke,0.85875,0.7870722433460076,0.9975903614457832,0.8799149840595111,4
subject90405523,Sadeh,0.8061325420375866,0.7636612021857924,0.9604810996563574,0.8508371385083715,4
subject90405523,Cole-Kripke,0.6983184965380811,0.6582857142857143,0.9896907216494846,0.790665751544269,4
subject90406019,Sadeh,0.6872509960159362,0.618925831202046,0.968,0.7550702028081123,4
subject90406019,Cole-Kripke,0.6334661354581673,0.5776470588235294,0.982,0.7274074074074074,4
subject90409325,Sadeh,0.7645645645645646,0.57847533632287,0.9699248120300752,0.7247191011235956,4
subject90409325,Cole-Kripke,0.6444444444444445,0.4724264705882353,0.9661654135338346,0.6345679012345679,4
subject90411217,Sadeh,0.6968911917098446,0.5334821428571429,0.9053030303030303,0.6713483146067416,4
subject90411217,Cole-Kripke,0.5893782383419689,0.45309734513274336,0.9696969696969697,0.6176115802171291,4
subject90413926,Sadeh,0.8391248391248392,0.7605633802816901,0.984375,0.8581157775255392,4
subject90413926,Cole-Kripke,0.749034749034749,0.6649214659685864,0.9921875,0.7962382445141065,4
subject90414422,Sadeh,0.8245192307692307,0.6261808367071525,0.9686847599164927,0.7606557377049181,4
subject90414422,Cole-Kripke,0.7217548076923077,0.5085287846481876,0.9958246346555324,0.6732533521524348,4
subject90416525,Sadeh,0.7435424354243543,0.6346153846153846,0.9746835443037974,0.7687188019966722,4
subject90416525,Cole-Kripke,0.6669741697416974,0.5683192261185006,0.9915611814345991,0.722521137586472,4
subject90419225,Sadeh,0.843710292249047,0.7996289424860853,0.9663677130044843,0.8751269035532995,4
subject90419225,Cole-Kripke,0.770012706480305,0.7154471544715447,0.9865470852017937,0.829406220546654,4
subject90419326,Sadeh,0.8013318534961155,0.7514619883040936,0.982791586998088,0.8516984258492128,4
subject90419326,Cole-Kripke,0.7513873473917869,0.7006711409395974,0.9980879541108987,0.8233438485804416,4
subject90420419,Sadeh,0.7796143250688705,0.6980132450331126,0.9777365491651205,0.8145285935085008,4
subject90420419,Cole-Kripke,0.7300275482093664,0.6514215080346106,0.9777365491651205,0.7818991097922849,4
subject90420520,Sadeh,0.7461988304093568,0.691970802919708,0.9875,0.8137339055793992,4
subject90420520,Cole-Kripke,0.6467836257309941,0.6146907216494846,0.99375,0.7595541401273886,4
subject90423826,Sadeh,0.7495009980039921,0.6873417721518987,0.9926873857404022,0.8122662677636501,4
subject90423826,Cole-Kripke,0.6516966067864272,0.610738255033557,0.9981718464351006,0.7578070784177654,4
subject90424625,Sadeh,0.7116071428571429,0.6007556675062973,0.9875776397515528,0.7470634299138607,4
subject90424625,Cole-Kripke,0.5866071428571429,0.5106157112526539,0.9958592132505176,0.6750877192982456,4
subject90426021,Sadeh,0.7971188475390156,0.71875,0.9833729216152018,0.8304914744232698,4
subject90426021,Cole-Kripke,0.6638655462184874,0.6008583690987125,0.997624703087886,0.7500000000000001,4
subject90428528,Sadeh,0.8597883597883598,0.6788008565310493,0.9723926380368099,0.7994955863808323,4
subject90428528,Cole-Kripke,0.7151675485008818,0.5023696682464455,0.9754601226993865,0.6631908237747653,4
subject90428629,Sadeh,0.8114114114114114,0.6553398058252428,0.9473684210526315,0.7747489239598279,4
subject90428629,Cole-Kripke,0.745945945945946,0.5756951596292482,0.980701754385965,0.7255029201817003,4
subject90433827,Sadeh,0.7133204633204633,0.6383265856950068,0.9422310756972112,0.7610619469026549,4
subject90433827,Cole-Kripke,0.6264478764478765,0.5666280417149478,0.9741035856573705,0.7164835164835165,4
subject90435223,Sadeh,0.6366366366366366,0.46525096525096526,0.9043151969981238,0.6144040790312301,4
subject90435223,Cole-Kripke,0.5327327327327327,0.40192153722978385,0.9418386491557224,0.5634118967452301,4
subject90435425,Sadeh,0.7904583723105706,0.7255172413793104,0.9546279491833031,0.8244514106583073,4
subject90435425,Cole-Kripke,0.7081384471468662,0.6438026474127557,0.9709618874773139,0.7742402315484804,4
subject90444728,Sadeh,0.8445017182130584,0.6730401529636711,0.9723756906077348,0.7954802259887006,4
subject90444728,Cole-Kripke,0.7018900343642611,0.5109170305676856,0.9696132596685083,0.669208770257388,4
subject90445123,Sadeh,0.7253605769230769,0.6041470311027333,0.9454277286135693,0.7372052903967797,4
subject90445123,Cole-Kripke,0.6628605769230769,0.5491183879093199,0.9646017699115044,0.6998394863563403,4
subject90446023,Sadeh,0.7702539298669892,0.7355982274741507,0.9783889980353635,0.839797639123103,4
subject90446023,Cole-Kripke,0.7412333736396615,0.7062937062937062,0.9921414538310412,0.8251633986928104,4
subject90446124,Sadeh,0.8395669291338582,0.7470881863560732,0.9760869565217392,0.8463713477851085,4
subject90446124,Cole-Kripke,0.6771653543307087,0.5848329048843187,0.9891304347826086,0.7350565428109853,4
subject90447125,Sadeh,0.6666666666666666,0.3859060402684564,0.9885386819484241,0.5551086082059533,4
subject90447125,Cole-Kripke,0.5539481615430982,0.3201471941122355,0.997134670487106,0.48467966573816157,4
subject90447731,Sadeh,0.8906560636182903,0.8194726166328601,0.9505882352941176,0.8801742919389978,4
subject90447731,Cole-Kripke,0.7534791252485089,0.6330827067669172,0.9905882352941177,0.7724770642201835,4
subject90449127,Sadeh,0.7711711711711712,0.5963791267305645,0.99644128113879,0.7461692205196536,4
subject90449127,Cole-Kripke,0.6498498498498498,0.4908296943231441,1.0,0.658465143526655,4
subject90454527,Sadeh,0.8760529482551144,0.8381877022653722,0.9942418426103646,0.9095697980684812,4
subject90454527,Cole-Kripke,0.8459687123947052,0.8046511627906977,0.9961612284069098,0.8902229845626073,4
subject90459633,Sadeh,0.8257575757575758,0.7485148514851485,0.9717223650385605,0.8456375838926176,4
subject90459633,Cole-Kripke,0.7904040404040404,0.7045871559633028,0.987146529562982,0.8222698072805139,4
subject90461323,Sadeh,0.7701283547257877,0.6611570247933884,0.9065155807365439,0.7646356033452807,4
subject90461323,Cole-Kripke,0.6546091015169195,0.5469522240527183,0.9405099150141643,0.6916666666666665,4
subject90462122,Sadeh,0.7837301587301587,0.7064220183486238,0.9467213114754098,0.8091068301225919,4
subject90462122,Cole-Kripke,0.7559523809523809,0.6685236768802229,0.9836065573770492,0.7960199004975125,4
subject90462526,Sadeh,0.8928104575163399,0.8947368421052632,0.9586466165413534,0.9255898366606171,4
subject90462526,Cole-Kripke,0.8483660130718954,0.8333333333333334,0.9774436090225563,0.8996539792387543,4
subject90462728,Sadeh,0.7080200501253133,0.6307947019867549,0.9744245524296675,0.7658291457286431,5
subject90462728,Cole-Kripke,0.6942355889724311,0.6183574879227053,0.9820971867007673,0.758893280632411,5
subject90464932,Sadeh,0.790224032586558,0.6646942800788954,0.903485254691689,0.7659090909090909,5
subject90464932,Cole-Kripke,0.7708757637474541,0.635036496350365,0.9329758713136729,0.755700325732899,5
subject90465933,Sadeh,0.7825261158594492,0.695139911634757,0.9554655870445344,0.8047740835464622,5
subject90465933,Cole-Kripke,0.6894586894586895,0.6071887034659821,0.9574898785425101,0.7431264728986646,5
subject90466732,Sadeh,0.7008973080757727,0.6280254777070063,0.9840319361277445,0.7667185069984448,5
subject90466732,Cole-Kripke,0.6271186440677966,0.572737686139748,0.998003992015968,0.727802037845706,5
subject90470020,Sadeh,0.7129129129129129,0.5145228215767634,0.9802371541501976,0.674829931972789,5
subject90470020,Cole-Kripke,0.5783783783783784,0.41819699499165275,0.9901185770750988,0.5880281690140845,5
subject90472628,Sadeh,0.7212178877259753,0.5707692307692308,0.9636363636363636,0.7169082125603864,5
subject90472628,Cole-Kripke,0.6393910561370124,0.5040106951871658,0.9792207792207792,0.6654898499558695,5
subject90475732,Sadeh,0.6460945033751205,0.4704184704184704,1.0,0.6398429833169774,5
subject90475732,Cole-Kripke,0.5949855351976856,0.43699731903485256,1.0,0.6082089552238806,5
subject90480930,Sadeh,0.7525525525525526,0.5993031358885017,0.8850771869639794,0.7146814404432134,5
subject90480930,Cole-Kripke,0.6522522522522523,0.5018281535648994,0.9416809605488851,0.6547406082289803,5
subject90483832,Sadeh,0.7488708220415538,0.6505847953216374,0.9194214876033058,0.7619863013698629,5
subject90483832,Cole-Kripke,0.6269196025293586,0.5408515535097813,0.9710743801652892,0.6947524020694752,5
subject90485329,Sadeh,0.7260024301336574,0.5112107623318386,0.9681528662420382,0.6691122523844462,5
subject90485329,Cole-Kripke,0.5783718104495748,0.4022787028921998,0.9745222929936306,0.5694789081885855,5
subject90486330,Sadeh,0.8837209302325582,0.7920277296360485,0.9785867237687366,0.8754789272030651,5
subject90486330,Cole-Kripke,0.8434704830053668,0.732484076433121,0.9850107066381156,0.8401826484018264,5
subject90489737,Sadeh,0.6686567164179105,0.5593451568894953,0.9761904761904762,0.7111882046834345,5
subject90489737,Cole-Kripke,0.6129353233830845,0.519546027742749,0.9809523809523809,0.6793075020610057,5
subject90491326,Sadeh,0.5786618444846293,0.5168776371308017,0.9839357429718876,0.6777316735822959,5
subject90491326,Cole-Kripke,0.5144665461121157,0.4810126582278481,0.9919678714859438,0.6478688524590164,5
subject90495229,Sadeh,0.8987012987012987,0.9131205673758865,0.9466911764705882,0.9296028880866426,5
subject90495229,Cole-Kripke,0.7935064935064935,0.7802037845705968,0.9852941176470589,0.8708367181153535,5
subject90502622,Sadeh,0.71997585998793,0.5581643543223053,0.912739965095986,0.6927152317880795,5
subject90502622,Cole-Kripke,0.6354858177429089,0.4862710363153233,0.9581151832460733,0.645123384253819,5
subject90505827,Sadeh,0.8939759036144578,0.8619528619528619,0.9884169884169884,0.920863309352518,5
subject90505827,Cole-Kripke,0.7746987951807229,0.7360912981455064,0.9961389961389961,0.8465955701394586,5
subject90508426,Sadeh,0.7971656333038086,0.6351791530944625,0.9873417721518988,0.7730426164519326,5
subject90508426,Cole-Kripke,0.6377325066430469,0.4912718204488778,0.9974683544303797,0.6583124477861321,5
subject90520218,Sadeh,0.8923611111111112,0.8827977315689981,0.9377510040160643,0.9094449853943525,5
subject90520218,Cole-Kripke,0.8564814814814815,0.8085808580858086,0.9839357429718876,0.8876811594202899,5
subject90520723,Sadeh,0.917550058892815,0.8873483535528596,0.9903288201160542,0.9360146252285192,5
subject90520723,Cole-Kripke,0.8951707891637221,0.8566666666666667,0.9941972920696325,0.9203222918531782,5
subject90522422,Sadeh,0.843421052631579,0.8092783505154639,0.9832985386221295,0.8878416588124411,5
subject90522422,Cole-Kripke,0.8,0.7632850241545893,0.9895615866388309,0.8618181818181818,5
subject90522523,Sadeh,0.9441860465116279,0.9125799573560768,0.9839080459770115,0.9469026548672567,5
subject90522523,Cole-Kripke,0.8825581395348837,0.8127340823970037,0.9977011494252873,0.8957688338493291,5
subject90523625,Sadeh,0.7238532110091743,0.6584766584766585,0.9588550983899821,0.7807720320466132,5
subject90523625,Cole-Kripke,0.6752293577981652,0.6137624861265261,0.9892665474060823,0.7575342465753424,5
subject90525324,Sadeh,0.717741935483871,0.6632782719186785,0.9125874125874126,0.7682119205298013,5
subject90525324,Cole-Kripke,0.6747311827956989,0.6144578313253012,0.9807692307692307,0.7555555555555555,5
subject90533323,Sadeh,0.6823379923761118,0.6496913580246914,0.9481981981981982,0.7710622710622711,5
subject90533323,Cole-Kripke,0.6670902160101652,0.6342182890855457,0.9684684684684685,0.7664884135472372,5
subject90537529,Sadeh,0.5867867867867868,0.41086186540731995,0.6480446927374302,0.5028901734104047,5
subject90537529,Cole-Kripke,0.5105105105105106,0.37764084507042256,0.7988826815642458,0.5128511655708309,5
subject90541827,Sadeh,0.8537378114842904,0.8127090301003345,0.9548133595284872,0.8780487804878049,5
subject90541827,Cole-Kripke,0.752979414951246,0.6959553695955369,0.9803536345776032,0.8140293637846656,5
subject90543223,Sadeh,0.6014449127031909,0.3546453546453546,0.9568733153638814,0.5174927113702624,5
subject90543223,Cole-Kripke,0.4780252859723058,0.2993527508090615,0.9973045822102425,0.46048537647790916,5
subject90558431,Sadeh,0.7478165938864629,0.6130653266331658,1.0,0.7601246105919003,5
subject90558431,Cole-Kripke,0.6572052401746725,0.538235294117647,1.0,0.6998087954110899,5
subject90558633,Sadeh,0.7641228939544104,0.7076923076923077,0.905511811023622,0.7944732297063904,5
subject90558633,Cole-Kripke,0.6897918731417245,0.630173564753004,0.9291338582677166,0.7509944311853619,5
subject90577634,Sadeh,0.6293643688451208,0.4705128205128205,0.9972826086956522,0.6393728222996515,5
subject90577634,Cole-Kripke,0.5308863025962399,0.41235955056179774,0.9972826086956522,0.5834658187599364,5
subject90584632,Sadeh,0.6777996070726916,0.568733153638814,0.9813953488372092,0.7201365187713311,5
subject90584632,Cole-Kripke,0.6060903732809431,0.5177045177045178,0.986046511627907,0.678943154523619,5
subject90588939,Sadeh,0.7832402234636872,0.7258620689655172,0.9232456140350878,0.8127413127413128,5
subject90588939,Cole-Kripke,0.7240223463687151,0.6610169491525424,0.9407894736842105,0.7764705882352941,5
subject90590326,Sadeh,0.5102533172496985,0.3575418994413408,0.9846153846153847,0.5245901639344263,5
subject90590326,Cole-Kripke,0.3986731001206273,0.31310344827586206,0.9978021978021978,0.4766404199475065,5
subject90597737,Sadeh,0.8971486761710794,0.8293135435992579,0.9802631578947368,0.8984924623115578,5
subject90597737,Cole-Kripke,0.7617107942973523,0.6622807017543859,0.993421052631579,0.7947368421052631,5
subject90620421,Sadeh,0.8739693757361602,0.8795180722891566,0.9030927835051547,0.8911495422177009,5
subject90620421,Cole-Kripke,0.806831566548881,0.7601296596434359,0.9670103092783505,0.851179673321234,5
subject90620825,Sadeh,0.6522522522522523,0.4429460580912863,0.9104477611940298,0.5959525471039777,5
subject90620825,Cole-Kripke,0.5573573573573574,0.3834782608695652,0.9402985074626866,0.544780728844966,5
subject90643022,Sadeh,0.8587570621468926,0.8389057750759878,0.9667250437828371,0.8982912937347436,5
subject90643022,Cole-Kripke,0.7796610169491526,0.7533692722371967,0.978984238178634,0.8514851485148515,5
subject90644528,Sadeh,0.8646706586826347,0.863716814159292,0.9312977099236641,0.8962350780532597,5
subject90644528,Cole-Kripke,0.792814371257485,0.7712519319938176,0.9522900763358778,0.8522630230572161,5
subject90652527,Sadeh,0.730817610062893,0.6977099236641221,0.9661733615221987,0.8102836879432623,5
subject90652527,Cole-Kripke,0.6641509433962264,0.6399456521739131,0.9957716701902748,0.7791563275434243,5
subject90654125,Sadeh,0.795131845841785,0.726207906295754,0.9706457925636007,0.830820770519263,5
subject90654125,Cole-Kripke,0.691683569979716,0.630188679245283,0.9804305283757339,0.7672281776416539,5
subject90654226,Sadeh,0.8453237410071942,0.7661141804788214,0.9952153110047847,0.86576482830385,5
subject90654226,Cole-Kripke,0.7781774580335732,0.693200663349917,1.0,0.8188050930460332,5
subject90656834,Sadeh,0.7699784017278618,0.7062068965517241,1.0,0.8278092158447857,5
subject90656834,Cole-Kripke,0.6641468682505399,0.6221142162818954,1.0,0.7670411985018727,5
subject90663125,Sadeh,0.8308457711442786,0.7773722627737226,0.9681818181818181,0.8623481781376519,5
subject90663125,Cole-Kripke,0.7512437810945274,0.6929260450160771,0.9795454545454545,0.8116760828625236,5
subject90673833,Sadeh,0.8341463414634146,0.8039867109634552,0.9029850746268657,0.8506151142355008,5
subject90673833,Cole-Kripke,0.7795121951219512,0.7246376811594203,0.9328358208955224,0.8156606851549756,5
subject90678636,Sadeh,0.7200402819738168,0.6152777777777778,0.9977477477477478,0.761168384879725,6
subject90678636,Cole-Kripke,0.5699899295065458,0.5097588978185993,1.0,0.6752851711026616,6
subject90683531,Sadeh,0.6474442988204456,0.5814332247557004,0.967479674796748,0.7263479145473042,6
subject90683531,Cole-Kripke,0.6081258191349934,0.5533536585365854,0.983739837398374,0.7082926829268292,6
subject90683733,Sadeh,0.9187096774193548,0.9555873925501432,0.9542203147353362,0.9549033643521834,6
subject90683733,Cole-Kripke,0.9070967741935484,0.9336099585062241,0.9656652360515021,0.9493670886075949,6
subject90683834,Sadeh,0.624633431085044,0.5275288092189501,0.9648711943793911,0.6821192052980132,6
subject90683834,Cole-Kripke,0.5425219941348973,0.4768361581920904,0.9882903981264637,0.6432926829268293,6
subject90699437,Sadeh,0.8095238095238095,0.7526595744680851,0.9691780821917808,0.8473053892215568,6
subject90699437,Cole-Kripke,0.7600373482726424,0.7001223990208079,0.9794520547945206,0.8165596002855103,6
subject90705728,Sadeh,0.897172236503856,0.8703007518796992,0.9767932489451476,0.9204771371769384,6
subject90705728,Cole-Kripke,0.7557840616966581,0.7145015105740181,0.9978902953586498,0.8327464788732395,6
subject90720220,Sadeh,0.7573170731707317,0.7153614457831325,0.979381443298969,0.8268059181897301,6
subject90720220,Cole-Kripke,0.6902439024390243,0.6588720770288858,0.9876288659793815,0.7904290429042905,6
subject90726832,Sadeh,0.764525993883792,0.6367924528301887,1.0,0.7780979827089337,6
subject90726832,Cole-Kripke,0.6483180428134556,0.54,1.0,0.7012987012987013,6
subject90730524,Sadeh,0.7811004784688995,0.6679245283018868,0.9806094182825484,0.7946127946127945,6
subject90730524,Cole-Kripke,0.6638755980861244,0.5625,0.997229916897507,0.7192807192807192,6
subject90733022,Sadeh,0.8327731092436975,0.7676240208877284,0.9655172413793104,0.8552727272727273,6
subject90733022,Cole-Kripke,0.7605042016806722,0.6866359447004609,0.9786535303776683,0.8070412999322951,6
subject90735024,Sadeh,0.6203346203346203,0.548951048951049,0.8945868945868946,0.6803900325027087,6
subject90735024,Cole-Kripke,0.5817245817245817,0.5195783132530121,0.9829059829059829,0.6798029556650247,6
subject90749231,Sadeh,0.8261633011413521,0.72,0.9818181818181818,0.8307692307692308,6
subject90749231,Cole-Kripke,0.746268656716418,0.632051282051282,0.9959595959595959,0.7733333333333333,6
subject90749837,Sadeh,0.8173374613003096,0.7058823529411765,0.995260663507109,0.8259587020648967,6
subject90749837,Cole-Kripke,0.6790505675954592,0.5761316872427984,0.995260663507109,0.7298001737619463,6
subject90762428,Sadeh,0.8595578673602081,0.8390151515151515,0.9506437768240343,0.8913480885311872,6
subject90762428,Cole-Kripke,0.8374512353706112,0.7934595524956971,0.9892703862660944,0.880611270296084,6
subject90764935,Sadeh,0.8158508158508159,0.7592267135325131,0.9536423841059603,0.8454011741682975,6
subject90764935,Cole-Kripke,0.7750582750582751,0.7044025157232704,0.9889624724061811,0.82277318640955,6
subject90774936,Sadeh,0.7769516728624535,0.6482861400894188,0.9908883826879271,0.7837837837837838,6
subject90774936,Cole-Kripke,0.6338289962825279,0.5272067714631197,0.9931662870159453,0.688783570300158,6
subject90776736,Sadeh,0.6432637571157496,0.5978260869565217,0.9200743494423792,0.7247437774524158,6
subject90776736,Cole-Kripke,0.6148007590132827,0.5741573033707865,0.949814126394052,0.7156862745098039,6
subject90783431,Sadeh,0.8362745098039216,0.8036890645586298,0.9713375796178344,0.8795962509012256,6
subject90783431,Cole-Kripke,0.7725490196078432,0.737410071942446,0.9792993630573248,0.841313269493844,6
subject90783936,Sadeh,0.7569974554707379,0.7170138888888888,0.9365079365079365,0.8121927236971483,6
subject90783936,Cole-Kripke,0.7048346055979644,0.6672,0.9455782312925171,0.7823639774859287,6
subject90787738,Sadeh,0.8968058968058968,0.854043392504931,0.9774266365688488,0.911578947368421,6
subject90787738,Cole-Kripke,0.8415233415233415,0.7783687943262412,0.9909706546275395,0.871896722939424,6
subject90792229,Sadeh,0.8108597285067873,0.8061926605504587,0.946164199192463,0.8705882352941177,6
subject90792229,Cole-Kripke,0.788235294117647,0.7745415318230853,0.9663526244952894,0.8598802395209582,6
subject90794029,Sadeh,0.8929503916449086,0.868020304568528,0.9193548387096774,0.8929503916449086,6
subject90794029,Cole-Kripke,0.7297650130548303,0.6491862567811935,0.9650537634408602,0.7762162162162162,6
subject90812929,Sadeh,0.8406658739595719,0.7050691244239631,0.9807692307692307,0.8203753351206433,6
subject90812929,Cole-Kripke,0.7871581450653984,0.6365503080082136,0.9935897435897436,0.7759699624530664,6
subject90818632,Sadeh,0.8426294820717132,0.7818181818181819,0.9735849056603774,0.8672268907563024,6
subject90818632,Cole-Kripke,0.74800796812749,0.6782496782496783,0.9943396226415094,0.8064269319051263,6
subject90819330,Sadeh,0.5248041775456919,0.328732747804266,0.9597069597069597,0.48971962616822423,6
subject90819330,Cole-Kripke,0.46475195822454307,0.3029953917050691,0.9633699633699634,0.46099912357581074,6
subject90821626,Sadeh,0.8133640552995391,0.7364746945898778,0.9745958429561201,0.8389662027833001,6
subject90821626,Cole-Kripke,0.728110599078341,0.6508422664624809,0.9815242494226328,0.7826887661141805,6
subject90829230,Sadeh,0.6342182890855457,0.5568039950062422,0.9632829373650108,0.7056962025316454,6
subject90829230,Cole-Kripke,0.5555555555555556,0.5061867266591676,0.9719222462203023,0.665680473372781,6
subject90831324,Sadeh,0.9021739130434783,0.8641304347826086,0.9875776397515528,0.9217391304347825,6
subject90831324,Cole-Kripke,0.8514492753623188,0.8010033444816054,0.9917184265010351,0.8862164662349675,6
subject90837734,Sadeh,0.75375,0.696763202725724,0.955607476635514,0.8059113300492611,6
subject90837734,Cole-Kripke,0.68125,0.6312594840667678,0.9719626168224299,0.765409383624655,6
subject90838230,Sadeh,0.7924354243542435,0.6190476190476191,0.975,0.7572815533980581,6
subject90838230,Cole-Kripke,0.731549815498155,0.5529953917050692,1.0,0.712166172106825,6
subject90840425,Sadeh,0.844988344988345,0.7696526508226691,0.9836448598130841,0.8635897435897437,6
subject90840425,Cole-Kripke,0.7482517482517482,0.6651090342679128,0.9976635514018691,0.7981308411214953,6
subject90842528,Sadeh,0.8236914600550964,0.7011308562197092,0.9841269841269841,0.8188679245283019,6
subject90842528,Cole-Kripke,0.7704315886134068,0.6402349486049926,0.9886621315192744,0.7771836007130125,6
subject90849030,Sadeh,0.7645895153313551,0.6797829036635007,0.9960238568588469,0.8080645161290323,6
subject90849030,Cole-Kripke,0.6785361028684471,0.607487922705314,1.0,0.7558226897069873,6
subject90853530,Sadeh,0.8375912408759124,0.7801652892561983,0.9129593810444874,0.841354723707665,6
subject90853530,Cole-Kripke,0.7773722627737226,0.6941678520625889,0.9439071566731141,0.7999999999999999,6
subject90863632,Sadeh,0.734338747099768,0.6683006535947712,0.9402298850574713,0.7812798471824259,6
subject90863632,Cole-Kripke,0.6160092807424594,0.5708446866485014,0.9632183908045977,0.7168520102651839,6
subject90866332,Sadeh,0.670837343599615,0.5769230769230769,0.974025974025974,0.7246376811594202,6
subject90866332,Cole-Kripke,0.5303176130895092,0.4861995753715499,0.9913419913419913,0.6524216524216524,6
subject90866837,Sadeh,0.779874213836478,0.7569230769230769,0.9666011787819253,0.8490077653149266,6
subject90866837,Cole-Kripke,0.6880503144654088,0.6790123456790124,0.9724950884086444,0.7996768982229402,6
subject90872531,Sadeh,0.6471306471306472,0.5709828393135725,0.9631578947368421,0.7169441723800196,6
subject90872531,Cole-Kripke,0.5470085470085471,0.5060402684563758,0.9921052631578947,0.6702222222222223,6
subject90878032,Sadeh,0.7021276595744681,0.6724782067247821,0.994475138121547,0.8023774145616641,6
subject90878032,Cole-Kripke,0.6696528555431132,0.6479713603818615,1.0,0.7863866763215062,6
subject90883129,Sadeh,0.9183197199533255,0.8954372623574145,0.9691358024691358,0.9308300395256917,6
subject90883129,Cole-Kripke,0.8378063010501751,0.7821138211382114,0.9897119341563786,0.8737511353315168,6
subject90885333,Sadeh,0.816350710900474,0.7333333333333333,0.9830917874396136,0.8400412796697626,6
subject90885333,Cole-Kripke,0.745260663507109,0.6612641815235009,0.9855072463768116,0.7914645974781765,6
subject90888134,Sadeh,0.841648590021692,0.7745098039215687,0.983402489626556,0.86654478976234,6
subject90888134,Cole-Kripke,0.8199566160520607,0.7476489028213166,0.9896265560165975,0.8517857142857143,6
subject90894535,Sadeh,0.8174235403151066,0.7036474164133738,0.9956989247311828,0.8245770258236865,6
subject90894535,Cole-Kripke,0.7191844300278035,0.60546875,1.0,0.754257907542579,6
subject90900422,Sadeh,0.7594713656387665,0.5896607431340872,0.9505208333333334,0.7278165503489532,6
subject90900422,Cole-Kripke,0.5806167400881057,0.44588235294117645,0.9869791666666666,0.6142625607779578,6
subject90905932,Sadeh,0.8285714285714286,0.757201646090535,0.9633507853403142,0.847926267281106,7
subject90905932,Cole-Kripke,0.6779220779220779,0.6087662337662337,0.981675392670157,0.7515030060120239,7
subject90912829,Sadeh,0.584984984984985,0.38632162661737524,0.9393258426966292,0.547478716437459,7
subject90912829,Cole-Kripke,0.518918918918919,0.3536184210526316,0.9662921348314607,0.5177603853100542,7
subject90915933,Sadeh,0.9439490445859873,0.9476351351351351,0.9773519163763066,0.9622641509433962,7
subject90915933,Cole-Kripke,0.9286624203821656,0.9204545454545454,0.9878048780487805,0.9529411764705882,7
subject90918229,Sadeh,0.9041501976284585,0.8339622641509434,0.9800443458980045,0.9011213047910297,7
subject90918229,Cole-Kripke,0.8557312252964426,0.7597955706984668,0.9889135254988913,0.859344894026975,7
subject90920222,Sadeh,0.6424090338770388,0.5585023400936038,0.9944444444444445,0.7152847152847154,7
subject90920222,Cole-Kripke,0.6035131744040151,0.5326409495548962,0.9972222222222222,0.6943907156673115,7
subject90922325,Sadeh,0.8771551724137931,0.8091993185689949,0.9958071278825996,0.8928571428571429,7
subject90922325,Cole-Kripke,0.7359913793103449,0.6606648199445984,1.0,0.7956630525437866,7
subject90923225,Sadeh,0.9659781287970839,0.9450980392156862,1.0,0.9717741935483871,7
subject90923225,Cole-Kripke,0.9040097205346294,0.8591800356506238,1.0,0.9242569511025887,7
subject90925328,Sadeh,0.7864945382323734,0.7557544757033248,0.9609756097560975,0.8460987831066571,7
subject90925328,Cole-Kripke,0.7388282025819265,0.7037037037037037,0.9886178861788618,0.8221771467207573,7
subject90937028,Sadeh,0.5438701923076923,0.37597911227154046,0.9113924050632911,0.5323475046210719,7
subject90937028,Cole-Kripke,0.4699519230769231,0.3437978560490046,0.9472573839662447,0.504494382022472,7
subject90937937,Sadeh,0.8353982300884956,0.71,0.9726027397260274,0.8208092485549133,7
subject90937937,Cole-Kripke,0.7238938053097345,0.5855978260869565,0.9840182648401826,0.7342419080068144,7
subject90940527,Sadeh,0.589086859688196,0.5187165775401069,0.9773299748110831,0.6777292576419215,7
subject90940527,Cole-Kripke,0.5467706013363028,0.49363867684478374,0.9773299748110831,0.6559594251901945,7
subject90943328,Sadeh,0.8761904761904762,0.7331932773109243,0.9914772727272727,0.8429951690821256,7
subject90943328,Cole-Kripke,0.7057142857142857,0.5325264750378215,1.0,0.6949654491609082,7
subject90951630,Sadeh,0.4003673094582185,0.3650952858575727,0.9479166666666666,0.5271542360608255,7
subject90951630,Cole-Kripke,0.3608815426997245,0.35365853658536583,0.9817708333333334,0.52,7
subject90964533,Sadeh,0.7253258845437617,0.6295302013422819,0.9610655737704918,0.7607461476074614,7
subject90964533,Cole-Kripke,0.6312849162011173,0.5526315789473685,0.9897540983606558,0.709251101321586,7
subject90974029,Sadeh,0.8178654292343387,0.7606837606837606,0.9632034632034632,0.8500477554918815,7
subject90974029,Cole-Kripke,0.7819025522041764,0.7167721518987342,0.9805194805194806,0.8281535648994517,7
subject90976839,Sadeh,0.6782511210762332,0.6029850746268657,0.9505882352941176,0.7378995433789954,7
subject90976839,Cole-Kripke,0.6154708520179372,0.5548128342245989,0.9764705882352941,0.7075873827791985,7
subject90978033,Sadeh,0.690978886756238,0.546875,0.9922680412371134,0.7051282051282051,7
subject90978033,Cole-Kripke,0.5403071017274472,0.447520184544406,1.0,0.6183266932270917,7
subject90980935,Sadeh,0.7617801047120419,0.5718799368088467,0.9945054945054945,0.7261785356068204,7
subject90980935,Cole-Kripke,0.6954624781849913,0.5105782792665726,0.9945054945054945,0.6747437092264678,7
subject90984939,Sadeh,0.6162162162162163,0.4162812210915819,0.982532751091703,0.584795321637427,7
subject90984939,Cole-Kripke,0.47927927927927927,0.34519303557910674,0.9956331877729258,0.5126475548060708,7
subject90993737,Sadeh,0.848730964467005,0.7815699658703071,0.9561586638830898,0.860093896713615,7
subject90993737,Cole-Kripke,0.76751269035533,0.6811594202898551,0.9812108559498957,0.8041060735671515,7
subject91000616,Sadeh,0.779467680608365,0.6797583081570997,0.9574468085106383,0.7950530035335689,7
subject91000616,Cole-Kripke,0.7357414448669202,0.6315068493150685,0.9808510638297873,0.7683333333333334,7
subject91001617,Sadeh,0.8319482917820868,0.7027914614121511,0.9976689976689976,0.8246628131021195,7
subject91001617,Cole-Kripke,0.7719298245614035,0.6350148367952523,0.9976689976689976,0.7760652765185857,7
subject91007320,Sadeh,0.9166666666666666,0.8118393234672304,0.987146529562982,0.8909512761020881,7
subject91007320,Cole-Kripke,0.8067375886524822,0.6422628951747088,0.9922879177377892,0.7797979797979797,7
subject91008321,Sadeh,0.7902374670184696,0.7327272727272728,0.9710843373493976,0.8352331606217617,7
subject91008321,Cole-Kripke,0.7453825857519789,0.68561872909699,0.9879518072289156,0.8094768015794669,7
subject91105218,Sadeh,0.6091954022988506,0.5283911671924291,0.97953216374269,0.6864754098360656,7
subject91105218,Cole-Kripke,0.5683269476372924,0.5029498525073747,0.9970760233918129,0.6686274509803922,7
subject91165123,Sadeh,0.8416458852867831,0.8058727569331158,0.9840637450199203,0.8860986547085201,7
subject91165123,Cole-Kripke,0.726932668329177,0.6995768688293371,0.9880478087649402,0.819157720891825,7
subject91183628,Sadeh,0.881508078994614,0.7734375,0.9611650485436893,0.8571428571428572,7
subject91183628,Cole-Kripke,0.8159784560143627,0.672787979966611,0.9781553398058253,0.7972304648862513,7
subject91187935,Sadeh,0.7046632124352331,0.6495726495726496,0.9429280397022333,0.7692307692307693,7
subject91187935,Cole-Kripke,0.6463730569948186,0.6003086419753086,0.9652605459057072,0.7402473834443387,7
subject91209627,Sadeh,0.8377281947261663,0.8662551440329218,0.8158914728682171,0.840319361277445,7
subject91209627,Cole-Kripke,0.8144016227180527,0.7655502392344498,0.9302325581395349,0.8398950131233596,7
subject91290021,Sadeh,0.7435435435435436,0.5491071428571429,0.9553398058252427,0.6973777462792347,7
subject91290021,Cole-Kripke,0.6420420420420421,0.46294602012808783,0.9825242718446602,0.6293532338308457,7
subject91309325,Sadeh,0.7132616487455197,0.6183333333333333,0.9712041884816754,0.7556008146639511,7
subject91309325,Cole-Kripke,0.5878136200716846,0.5255172413793103,0.9973821989528796,0.6883468834688347,7
subject91369937,Sadeh,0.8421750663129973,0.8074656188605108,0.9513888888888888,0.8735387885228479,7
subject91369937,Cole-Kripke,0.8209549071618037,0.7755102040816326,0.9675925925925926,0.8609680741503605,7
subject91375126,Sadeh,0.8449612403100775,0.8020477815699659,0.9915611814345991,0.8867924528301887,7
subject91375126,Cole-Kripke,0.8049095607235142,0.7592295345104334,0.9978902953586498,0.8623518687329079,7
subject91379130,Sadeh,0.7745098039215687,0.6195121951219512,0.9525,0.7507389162561576,7
subject91379130,Cole-Kripke,0.6319073083778967,0.49169859514687103,0.9625,0.650887573964497,7
subject91380526,Sadeh,0.6750972762645915,0.5681492109038737,0.9230769230769231,0.7033747779751331,7
subject91380526,Cole-Kripke,0.6439688715953308,0.5412844036697247,0.9627039627039627,0.6929530201342282,7
subject91408022,Sadeh,0.8771769019248395,0.8090452261306532,0.9602385685884692,0.8781818181818182,7
subject91408022,Cole-Kripke,0.7956003666361137,0.7005730659025788,0.9721669980119284,0.8143213988343048,7
subject91410419,Sadeh,0.8115653040877367,0.7420289855072464,0.9789674952198852,0.8441879637262983,7
subject91410419,Cole-Kripke,0.765702891326022,0.693029490616622,0.988527724665392,0.8148148148148149,7
subject91420319,Sadeh,0.7718253968253969,0.7058823529411765,0.9618320610687023,0.81421647819063,7
subject91420319,Cole-Kripke,0.6775793650793651,0.6188769414575866,0.9885496183206107,0.7612049963262307,7
subject91421421,Sadeh,0.8648111332007953,0.7737068965517241,0.9205128205128205,0.8407494145199063,7
subject91421421,Cole-Kripke,0.7455268389662028,0.6101973684210527,0.9512820512820512,0.7434869739478958,7
subject91478736,Sadeh,0.9111644657863145,0.8694029850746269,0.9914893617021276,0.9264413518886679,7
subject91478736,Cole-Kripke,0.8223289315726291,0.7630718954248366,0.9936170212765958,0.8632162661737524,7
subject91508831,Sadeh,0.8066985645933015,0.7222222222222222,0.9762845849802372,0.8302521008403362,7
subject91508831,Cole-Kripke,0.7760765550239235,0.6863013698630137,0.9901185770750988,0.8106796116504855,7
subject91510117,Sadeh,0.7379576107899807,0.6214689265536724,0.990990990990991,0.763888888888889,7
subject91510117,Cole-Kripke,0.6522157996146436,0.5518102372034956,0.9954954954954955,0.7100401606425703,7
subject91518327,Sadeh,0.9055555555555556,0.8577586206896551,0.9544364508393285,0.9035187287173666,7
subject91518327,Cole-Kripke,0.7966666666666666,0.7003424657534246,0.9808153477218226,0.8171828171828172,7
subject91558533,Sadeh,0.7948098974049487,0.532069970845481,0.9505208333333334,0.6822429906542056,7
subject91558533,Cole-Kripke,0.6861798430899215,0.42444444444444446,0.9947916666666666,0.5950155763239876,7
subject91573631,Sadeh,0.6563604240282686,0.4825174825174825,0.9478021978021978,0.6394810009267841,8
subject91573631,Cole-Kripke,0.592756183745583,0.4403444034440344,0.9835164835164835,0.6083262531860663,8
subject91586332,Sadeh,0.9312436804853387,0.9428129829984544,0.9516380655226209,0.9472049689440993,8
subject91586332,Cole-Kripke,0.8938321536905965,0.8722222222222222,0.9797191887675507,0.9228508449669361,8
subject91598739,Sadeh,0.7477064220183486,0.636,0.9958246346555324,0.7762408462164361,8
subject91598739,Cole-Kripke,0.6779816513761467,0.5771084337349398,1.0,0.7318563789152024,8
subject91629330,Sadeh,0.7711313394018205,0.760670731707317,0.9633204633204633,0.8500851788756387,8
subject91629330,Cole-Kripke,0.7217165149544863,0.7128851540616247,0.9826254826254827,0.8262987012987013,8
subject91633729,Sadeh,0.75,0.6681481481481482,0.9038076152304609,0.768313458262351,8
subject91633729,Cole-Kripke,0.6856617647058824,0.6007702182284981,0.9378757515030061,0.732394366197183,8
subject91636025,Sadeh,0.8179775280898877,0.7217391304347827,0.9952038369304557,0.8366935483870968,8
subject91636025,Cole-Kripke,0.7078651685393258,0.6159527326440177,1.0,0.7623400365630713,8
subject91643427,Sadeh,0.808454425363276,0.748,0.9516539440203562,0.8376259798432252,8
subject91643427,Cole-Kripke,0.7199471598414795,0.6547008547008547,0.9745547073791349,0.7832310838445807,8
subject91675230,Sadeh,0.8856041131105399,0.8466019417475729,0.9775784753363229,0.9073881373569199,8
subject91675230,Cole-Kripke,0.7724935732647815,0.7172859450726979,0.9955156950672646,0.8338028169014083,8
subject91697840,Sadeh,0.6744487678339819,0.6614420062695925,0.9234135667396062,0.7707762557077626,8
subject91697840,Cole-Kripke,0.6848249027237354,0.6578171091445427,0.975929978118162,0.7859030837004405,8
subject91705628,Sadeh,0.6840521564694082,0.600828729281768,0.9436008676789588,0.7341772151898734,8
subject91705628,Cole-Kripke,0.6138415245737212,0.5465686274509803,0.9674620390455532,0.6985121378230227,8
subject91725226,Sadeh,0.6084262701363073,0.49040139616055844,0.921311475409836,0.6400911161731206,8
subject91725226,Cole-Kripke,0.5043370508054523,0.43045387994143486,0.9639344262295082,0.5951417004048584,8
subject91800018,Sadeh,0.569060773480663,0.4711673699015471,0.9598853868194842,0.6320754716981132,8
subject91800018,Cole-Kripke,0.44972375690607735,0.40991535671100365,0.9713467048710601,0.5765306122448979,8
subject91810423,Sadeh,0.784503631961259,0.749611197511664,0.9659318637274549,0.8441330998248686,8
subject91810423,Cole-Kripke,0.7179176755447942,0.6883852691218131,0.9739478957915831,0.8066390041493777,8
subject91828836,Sadeh,0.8993212669683258,0.844017094017094,0.9610705596107056,0.8987485779294653,8
subject91828836,Cole-Kripke,0.7997737556561086,0.7017241379310345,0.9902676399026764,0.8213925327951563,8
subject91840123,Sadeh,0.797634691195795,0.7017543859649122,0.997229916897507,0.8237986270022882,8
subject91840123,Cole-Kripke,0.6675427069645203,0.5882352941176471,0.997229916897507,0.7399794450154163,8
subject91845330,Sadeh,0.518005540166205,0.37300613496932516,0.9650793650793651,0.5380530973451327,8
subject91845330,Cole-Kripke,0.40443213296398894,0.324468085106383,0.9682539682539683,0.48605577689243035,8
subject91864028,Sadeh,0.7397119341563786,0.6330409356725146,0.9954022988505747,0.7739052725647901,8
subject91864028,Cole-Kripke,0.6697530864197531,0.5757978723404256,0.9954022988505747,0.7295703454085932,8
subject91866434,Sadeh,0.911452184179457,0.8819444444444444,0.9864077669902913,0.9312557286892759,8
subject91866434,Cole-Kripke,0.846517119244392,0.8021978021978022,0.9922330097087378,0.8871527777777778,8
subject91877133,Sadeh,0.9437314906219151,0.8994515539305301,0.9959514170040485,0.9452449567723342,8
subject91877133,Cole-Kripke,0.8815399802566634,0.8055555555555556,0.9979757085020243,0.8915009041591322,8
subject91878538,Sadeh,0.8261278195488722,0.7811023622047244,0.915129151291513,0.842820730671198,8
subject91878538,Cole-Kripke,0.793233082706767,0.7313218390804598,0.9391143911439115,0.8222940226171245,8
subject91887033,Sadeh,0.6875816993464052,0.6272285251215559,0.9772727272727273,0.7640671273445212,8
subject91887033,Cole-Kripke,0.673202614379085,0.615506329113924,0.9823232323232324,0.7568093385214009,8
subject91892433,Sadeh,0.8007483629560337,0.7151248164464024,0.9624505928853755,0.8205560235888796,8
subject91892433,Cole-Kripke,0.6894293732460243,0.6074074074074074,0.9723320158102767,0.7477203647416414,8
subject91938030,Sadeh,0.6347237880496054,0.5603932584269663,0.973170731707317,0.7112299465240641,8
subject91938030,Cole-Kripke,0.5704622322435174,0.5187096774193548,0.9804878048780488,0.6784810126582279,8
subject91963735,Sadeh,0.7074235807860262,0.5886332882273342,0.9334763948497854,0.7219917012448133,8
subject91963735,Cole-Kripke,0.6026200873362445,0.506145251396648,0.9721030042918455,0.6656869948567229,8
subject91968437,Sadeh,0.7262569832402235,0.6656626506024096,0.9505376344086022,0.7829937998228521,8
subject91968437,Cole-Kripke,0.6625698324022347,0.6105834464043419,0.967741935483871,0.7487520798668884,8
subject91970026,Sadeh,0.7609921082299888,0.6905901116427432,0.9600886917960089,0.8033395176252319,8
subject91970026,Cole-Kripke,0.6865839909808342,0.6223479490806223,0.975609756097561,0.7599309153713297,8
subject92041218,Sadeh,0.8093841642228738,0.7815533980582524,0.8895027624309392,0.8320413436692506,8
subject92041218,Cole-Kripke,0.7966764418377321,0.7362482369534555,0.9613259668508287,0.8338658146964856,8
subject92086530,Sadeh,0.6020220588235294,0.4735547355473555,0.9871794871794872,0.6400665004156276,8
subject92086530,Cole-Kripke,0.5248161764705882,0.4298342541436464,0.9974358974358974,0.6007722007722007,8
subject92150421,Sadeh,0.6624087591240876,0.5779702970297029,0.9415322580645161,0.7162576687116563,8
subject92150421,Cole-Kripke,0.5465328467153284,0.4994944388270981,0.9959677419354839,0.6653198653198653,8
subject92177329,Sadeh,0.7069069069069069,0.4841101694915254,0.9978165938864629,0.6519258202567759,8
subject92177329,Cole-Kripke,0.4816816816816817,0.34670704012112036,1.0,0.5148960089938167,8
subject92191527,Sadeh,0.6996625421822272,0.565068493150685,0.9620991253644315,0.7119741100323626,8
subject92191527,Cole-Kripke,0.6310461192350956,0.511380880121396,0.9825072886297376,0.6726546906187624,8
subject92198837,Sadeh,0.8319226118500604,0.812,0.9002217294900222,0.8538380651945322,8
subject92198837,Cole-Kripke,0.7436517533252721,0.6905901116427432,0.9600886917960089,0.8033395176252319,8
subject92237730,Sadeh,0.6351351351351351,0.5518044237485448,0.9595141700404858,0.7006651884700665,8
subject92237730,Cole-Kripke,0.5378378378378378,0.4903943377148635,0.9817813765182186,0.6540795684423467,8
subject92276733,Sadeh,0.7935548841893253,0.7122093023255814,0.9859154929577465,0.8270042194092826,8
subject92276733,Cole-Kripke,0.7482376636455186,0.6671177266576455,0.9919517102615694,0.7977346278317152,8
subject92323120,Sadeh,0.7575757575757576,0.5697674418604651,0.9423076923076923,0.7101449275362319,8
subject92323120,Cole-Kripke,0.6173160173160173,0.4494818652849741,0.9532967032967034,0.6109154929577465,8
subject92325324,Sadeh,0.8849162011173184,0.816247582205029,0.9813953488372092,0.8912354804646251,8
subject92325324,Cole-Kripke,0.8312849162011173,0.746031746031746,0.9837209302325581,0.8485456369107323,8
subject92330522,Sadeh,0.7880133185349611,0.7424023154848046,0.9752851711026616,0.8430566967953985,8
subject92330522,Cole-Kripke,0.7347391786903441,0.6880733944954128,0.9980988593155894,0.8145849495733126,8
subject92353123,Sadeh,0.7477797513321492,0.5347222222222222,0.9506172839506173,0.6844444444444445,8
subject92353123,Cole-Kripke,0.6021314387211367,0.41906005221932113,0.9907407407407407,0.5889908256880735,8
subject92354225,Sadeh,0.8299319727891157,0.7543307086614173,0.9618473895582329,0.8455428067078552,8
subject92354225,Cole-Kripke,0.7346938775510204,0.6506024096385542,0.9759036144578314,0.7807228915662651,8
subject92392833,Sadeh,0.8154402895054282,0.7526315789473684,0.9727891156462585,0.8486646884272997,8
subject92392833,Cole-Kripke,0.7768395657418576,0.7071197411003236,0.9909297052154195,0.8253068932955617,8
subject92460728,Sadeh,0.7424242424242424,0.7229916897506925,0.9613259668508287,0.825296442687747,8
subject92460728,Cole-Kripke,0.6771561771561772,0.66625,0.9815837937384899,0.7937453462397618,8
subject92481933,Sadeh,0.6223692122669874,0.3967339097022094,1.0,0.5680880330123796,8
subject92481933,Cole-Kripke,0.46903187011425135,0.31867283950617287,1.0,0.48332358104154477,8
subject92483127,Sadeh,0.9525423728813559,0.9082125603864735,0.9894736842105263,0.947103274559194,8
subject92483127,Cole-Kripke,0.8632768361581921,0.7616161616161616,0.9921052631578947,0.8617142857142857,8
subject92490327,Sadeh,0.6596330275229357,0.5555555555555556,0.9586056644880174,0.7034372501998402,8
subject92490327,Cole-Kripke,0.5697247706422018,0.4943820224719101,0.9586056644880174,0.6523350630096367,8
subject92496737,Sadeh,0.843400447427293,0.822289156626506,0.9612676056338029,0.8863636363636364,9
subject92496737,Cole-Kripke,0.7527964205816555,0.7250324254215305,0.9841549295774648,0.8349514563106797,9
subject92507225,Sadeh,0.7694470477975632,0.6389728096676737,0.9837209302325581,0.7747252747252747,9
subject92507225,Cole-Kripke,0.6166822867853796,0.5125448028673835,0.9976744186046511,0.6771902131018153,9
subject92546531,Sadeh,0.8258977149075082,0.7697063369397218,0.9783889980353635,0.8615916955017302,9
subject92546531,Cole-Kripke,0.7388465723612623,0.6805369127516778,0.9960707269155207,0.8086124401913876,9
subject92552427,Sadeh,0.61996336996337,0.5627044711014176,0.9735849056603774,0.7131997235659985,9
subject92552427,Cole-Kripke,0.5622710622710623,0.5261044176706827,0.9886792452830189,0.6867627785058977,9
subject92571630,Sadeh,0.6696252465483234,0.5760309278350515,0.9867549668874173,0.727420667209113,9
subject92571630,Cole-Kripke,0.5443786982248521,0.49504950495049505,0.9933774834437086,0.6607929515418501,9
subject92578435,Sadeh,0.615015015015015,0.26235294117647057,0.9409282700421941,0.4103035878564857,9
subject92578435,Cole-Kripke,0.5099099099099099,0.2224352828379674,0.9789029535864979,0.3625,9
subject92587637,Sadeh,0.8862944162436548,0.7919320594479831,0.9638242894056848,0.8694638694638696,9
subject92587637,Cole-Kripke,0.7604060913705584,0.6243822075782537,0.979328165374677,0.7625754527162978,9
subject92620322,Sadeh,0.6923800564440263,0.5339506172839507,0.9326145552560647,0.6790971540726204,9
subject92620322,Cole-Kripke,0.6011288805268109,0.4662420382165605,0.9865229110512129,0.6332179930795847,9
subject92620726,Sadeh,0.7809293904646952,0.5449591280653951,0.9324009324009324,0.6878761822871884,9
subject92620726,Cole-Kripke,0.6898008449004225,0.45324532453245325,0.9603729603729604,0.6158445440956652,9
subject92622324,Sadeh,0.7571428571428571,0.6330935251798561,1.0,0.7753303964757708,9
subject92622324,Cole-Kripke,0.66,0.5520702634880803,1.0,0.7113985448666128,9
subject92643529,Sadeh,0.7878077373974208,0.700354609929078,0.9705159705159705,0.8135942327497425,9
subject92643529,Cole-Kripke,0.731535756154748,0.64171974522293,0.9901719901719902,0.7787439613526571,9
subject92668839,Sadeh,0.6846330275229358,0.6073717948717948,0.9266503667481663,0.73378509196515,9
subject92668839,Cole-Kripke,0.5711009174311926,0.5229960578186597,0.9731051344743277,0.6803418803418804,9
subject92680530,Sadeh,0.8667529107373868,0.811284046692607,0.9858156028368794,0.8900747065101388,9
subject92680530,Cole-Kripke,0.8214747736093143,0.7549194991055456,0.9976359338061466,0.8594704684317719,9
subject92712021,Sadeh,0.8382624768946395,0.71160409556314,0.9858156028368794,0.8265609514370664,9
subject92712021,Cole-Kripke,0.732902033271719,0.5941011235955056,1.0,0.745374449339207,9
subject92723932,Sadeh,0.8065241844769404,0.7537537537537538,0.984313725490196,0.8537414965986393,9
subject92723932,Cole-Kripke,0.6861642294713161,0.6486486486486487,0.9882352941176471,0.7832167832167832,9
subject92731931,Sadeh,0.781038374717833,0.7123695976154992,0.9979123173277662,0.831304347826087,9
subject92731931,Cole-Kripke,0.7370203160270881,0.672752808988764,1.0,0.8043660789252729,9
subject92765938,Sadeh,0.7014134275618374,0.5532212885154062,0.9541062801932367,0.700354609929078,9
subject92765938,Cole-Kripke,0.5954063604240283,0.4744186046511628,0.9855072463768116,0.640502354788069,9
subject92778639,Sadeh,0.7893013100436681,0.71875,0.9917864476386037,0.8334771354616047,9
subject92778639,Cole-Kripke,0.7368995633187773,0.6694214876033058,0.997946611909651,0.8013190436933224,9
subject92785233,Sadeh,0.6654654654654655,0.5108055009823183,0.8981001727115717,0.6512210394489669,9
subject92785233,Cole-Kripke,0.5303303303303303,0.4205168363351605,0.927461139896373,0.5786637931034482,9
subject92808835,Sadeh,0.8431372549019608,0.7378640776699029,0.9973753280839895,0.8482142857142857,9
subject92808835,Cole-Kripke,0.7047289504036909,0.598116169544741,1.0,0.7485265225933203,9
subject92816935,Sadeh,0.802158273381295,0.6464471403812825,0.9588688946015425,0.772256728778468,9
subject92816935,Cole-Kripke,0.710431654676259,0.5491923641703378,0.961439588688946,0.6990654205607476,9
subject92889339,Sadeh,0.7193509615384616,0.5673913043478261,0.883248730964467,0.6909331568497684,9
subject92889339,Cole-Kripke,0.6652644230769231,0.5152603231597845,0.9712351945854484,0.6733137829912023,9
subject92898137,Sadeh,0.7151277013752456,0.614010989010989,0.9802631578947368,0.7550675675675678,9
subject92898137,Cole-Kripke,0.6110019646365422,0.5358851674641149,0.9824561403508771,0.6934984520123839,9
subject92919030,Sadeh,0.8711897738446411,0.7626459143968871,0.9775561097256857,0.8568306010928961,9
subject92919030,Cole-Kripke,0.7905604719764012,0.6551155115511551,0.9900249376558603,0.788480635551142,9
subject92925128,Sadeh,0.6549815498154982,0.5615942028985508,0.7013574660633484,0.6237424547283702,9
subject92925128,Cole-Kripke,0.6494464944649446,0.5408970976253298,0.9276018099547512,0.6833333333333332,9
subject92926937,Sadeh,0.5732801595214357,0.4729559748427673,0.9766233766233766,0.6372881355932203,9
subject92926937,Cole-Kripke,0.49252243270189433,0.43002257336343114,0.9896103896103896,0.5995279307631786,9
subject92987439,Sadeh,0.8315789473684211,0.7834586466165413,1.0,0.8785834738617201,9
subject92987439,Cole-Kripke,0.7883040935672515,0.7428571428571429,0.9980806142034548,0.8517608517608517,9
subject93040723,Sadeh,0.8361809045226131,0.7321428571428571,0.9692671394799054,0.8341810783316378,9
subject93040723,Cole-Kripke,0.7537688442211056,0.636085626911315,0.983451536643026,0.7725162488393686,9
subject93074932,Sadeh,0.7003610108303249,0.5488372093023256,0.978441127694859,0.7032181168057211,9
subject93074932,Cole-Kripke,0.5511432009626955,0.4463615903975994,0.9867330016583747,0.6146694214876033,9
subject93077632,Sadeh,0.8893166506256015,0.7992047713717694,0.9663461538461539,0.8748639825897714,9
subject93077632,Cole-Kripke,0.7564966313763234,0.6259659969088099,0.9735576923076923,0.7619943555973661,9
subject93081829,Sadeh,0.7681432610744581,0.6831955922865014,0.96875,0.8012924071082391,9
subject93081829,Cole-Kripke,0.6503298774740811,0.5811277330264673,0.986328125,0.7313540912382333,9
subject93132826,Sadeh,0.8177399756986634,0.8013029315960912,0.9461538461538461,0.8677248677248676,9
subject93132826,Cole-Kripke,0.7946537059538274,0.7631184407796102,0.9788461538461538,0.8576242628475148,9
subject93151726,Sadeh,0.8482932996207333,0.802158273381295,0.9780701754385965,0.8814229249011858,9
subject93151726,Cole-Kripke,0.7914032869785083,0.7412935323383084,0.9802631578947368,0.8441926345609065,9
subject93188130,Sadeh,0.4048723897911833,0.3579474342928661,1.0,0.5271889400921659,9
subject93188130,Cole-Kripke,0.35730858468677495,0.3404761904761905,1.0,0.5079928952042628,9
subject93190729,Sadeh,0.7588832487309645,0.6817359855334539,0.9641943734015346,0.7987288135593221,9
subject93190729,Cole-Kripke,0.6941624365482234,0.6205787781350482,0.9872122762148338,0.7620927936821322,9
subject93192832,Sadeh,0.5782805429864254,0.5,0.9871244635193133,0.6637806637806638,9
subject93192832,Cole-Kripke,0.539366515837104,0.4779033915724563,0.9978540772532188,0.6462821403752605,9
subject93200519,Sadeh,0.660377358490566,0.5581947743467933,0.9873949579831933,0.7132018209408195,9
subject93200519,Cole-Kripke,0.6082659478885895,0.522075055187638,0.9936974789915967,0.6845151953690304,9
subject93214322,Sadeh,0.7987697715289982,0.6773255813953488,0.985200845665962,0.8027562446167096,9
subject93214322,Cole-Kripke,0.655536028119508,0.5471478463329453,0.9936575052854123,0.7057057057057057,9
subject93242626,Sadeh,0.6385404789053591,0.5368731563421829,0.9918256130790191,0.6966507177033493,9
subject93242626,Cole-Kripke,0.6054732041049031,0.5147679324894515,0.997275204359673,0.6790352504638218,9
subject93254730,Sadeh,0.8851485148514852,0.8224755700325733,0.986328125,0.8969804618117229,9
subject93254730,Cole-Kripke,0.8386138613861386,0.7616191904047976,0.9921875,0.8617472434266327,9
subject93258330,Sadeh,0.6039689387402933,0.4544334975369458,0.9584415584415584,0.6165413533834586,9
subject93258330,Cole-Kripke,0.4253666954270923,0.36555023923444974,0.9922077922077922,0.5342657342657342,9
subject93290932,Sadeh,0.7742537313432836,0.7160326086956522,0.9410714285714286,0.8132716049382716,9
subject93290932,Cole-Kripke,0.6781716417910447,0.6251455180442375,0.9589285714285715,0.7568710359408033,9
subject93324223,Sadeh,0.8526682134570766,0.775,0.9757869249394673,0.8638799571275455,9
subject93324223,Cole-Kripke,0.7749419953596288,0.686541737649063,0.9757869249394673,0.806,9
subject93328126,Sadeh,0.5856885147324113,0.3290386521308226,0.9651162790697675,0.4907612712490761,9
subject93328126,Cole-Kripke,0.4720384846662658,0.2782392026578073,0.9738372093023255,0.4328165374677002,9
